order_id,created_at,updated_at,district,restaurant,source_system,transport,weather,distance_km,prep_minutes,courier_load,delivery_minutes,promised_minutes,order_sum,status,rating,courier_id
D100001,2026-02-17 11:39:00,2026-02-17 12:24:33,Юг,Taco Point,app,walk,clear,3.28,20.1,1,45.6,39,1 280 ₽,delivered,4.0,C052
D100002,2026-02-22 16:42:00,2026-02-22 17:08:46,Центр,Хинкали House,web,car,snow,3.06,4.0,1,26.8,49,890,delivered,5.0,C037
D100003,2026-02-01 15:43:00,2026-02-01 15:56:03,Север,Wok Station,partner_api,scooter,clear,11.32,17.0,1,0.0,66,1300,cancelled,,
D100004,2026-02-23 12:46:00,2026-02-23 13:26:42,Север,Хинкали House,legacy_csv,bike,rain,5700.0,15.7,2,40.7,52,760,delivered,5.0,C095
D100005,2026-02-11 18:30:00,2026-02-11 20:27:59,Запад,Пекарня №7,web,walk,clear,13.65,17.8,3,118.0,75,750,delivered,4.0,C104
D100006,2026-02-16 21:22:00,2026-02-16 21:49:33,Север,Sushi Lab,app,bike,rain,0.7,12.5,1,27.6,40,990,delivered,,C094
D100007,2026-02-17 12:33:00,2026-02-17 13:10:35,Центр,Зелёная кухня,app,scooter,rain,"4,11",13.1,1,37.6,53,760,delivered,4.0,C135
D100008,2026-02-04 18:36:00,2026-02-04 19:17:30,Юг,Wok Station,partner_api,scooter,clear,3.09,18.7,2,41.5,42,850,delivered,4.0,C023
D100009,2026-02-13 19:46:00,2026-02-13 20:14:29,Центр,Wok Station,partner_api,bike,rain,1.11,15.0,1,28.5,43,800,delivered,,C019
D100010,2026-02-23 14:07:00,2026-02-23 14:40:24,Центр, пекарня №7 ,web,walk,clear,2.56,9.7,1,33.4,37,1780,delivered,5.0,C062
D100011,2026-02-20 12:49:00,2026-02-20 12:59:24,Юг,Зелёная кухня,partner_api,scooter,clear,1.88,16.9,1,0.0,35,510,cancelled,,
D100012,2026-02-16 15:34:00,2026-02-16 16:04:01,Запад,Зелёная кухня,web,scooter,clear,3.92,15.2,1,30.0,44,1680,delivered,4.0,C081
D100013,2026-02-25 09:47:00,2026-02-25 10:23:05,Юг,ПЕКАРНЯ №7,legacy_csv,bike,rain,3.22,15.3,2,36.1,44,2530,delivered,5.0,C046
D100014,2026-02-16 15:59:00,2026-02-16 16:18:46,Восток,Бургерная 24,web,car,clear,1.82,11.8,1,19.8,37,1900,delivered,5.0,C043
D100015,2026-02-16 20:26:00,2026-02-16 20:35:28,Юг,Wok Station,web,walk,clear,0.97,17.8,2,0.0,35,930,cancelled,,
D100016,2026-02-28 13:12:00,2026-02-28 13:59:07,центр,Sushi Lab,partner_api,bike,rain,4.19,13.4,1,47.1,44,690,delivered,,C131
D100017,2026-02-07 09:22:00,2026-02-07 09:45:50,Центр,Бургерная 24,app,bike,clear,4.8,10.6,3,23.8,41,980,delivered,3.0,C083
D100018,2026-02-11 15:49:00,2026-02-11 16:46:10,Запад,Бургерная 24,app,walk,clear,5.04,9.2,2,57.2,41,1550,delivered,4.0,C054
D100019,2026-02-27 08:03:00,2026-02-27 08:41:01,Восток,Taco Point,web,scooter,clear,4.98,18.7,1,38.0,46,1660,delivered,4.0,C001
D100020,2026-02-15 13:36:00,2026-02-15 14:36:45,Восток,Taco Point,web,bike,clear,8.29,24.7,2,60.8,49,480,delivered,,C140
D100021,2026-02-07 15:26:00,2026-02-07 16:02:04,Центр,ПИЦЦА & КО,web,car,clear,5.34,22.0,1,36.1,38,1450,delivered,5.0,C081
D100022,2026-02-12 13:12:00,2026-02-12 13:40:55,Центр,Пицца & Ко,web,car,clear,1.6,18.8,2,28.9,35,730,delivered,4.0,C021
D100023,2026-02-27 11:49:00,2026-02-27 12:20:36,Запад,Пекарня №7,app,car,rain,3.25,17.9,1,31.6,43,910,delivered,5.0,C041
D100024,2026-02-18 09:47:00,2026-02-18 10:19:14,Запад,Хинкали House,web,scooter,clear,3.5,13.8,1,32.2,45,2230,delivered,,C026
D100025,2026-02-11 19:02:00,2026-02-11 19:33:25,Запад,Бургерная 24,web,car,clear,5.01,15.7,4,31.4,41,1490,delivered,4.0,C122
D100026,2026-02-15 10:15:00,2026-02-15 10:51:27,Центр,Пекарня №7,legacy_csv,scooter,clear,3.23,,3,36.5,43,990,delivered,5.0,C005
D100027,2026-02-13 10:42:00,2026-02-13 11:16:06,Север,Пицца & Ко,app,scooter,clear,4.66,15.3,1,34.1,48,500,delivered,,C139
D100028,2026-02-08 09:19:00,2026-02-08 09:47:21,Запад,Sushi Lab,app,scooter,clear,3.66,14.2,1,28.4,46,1470,delivered,,C040
D100029,2026-02-08 09:09:00,2026-02-08 09:47:48,Центр,Taco Point,legacy_csv,bike,rain,0.91,19.9,1,38.8,40,2640,delivered,,C107
D100030,2026-02-12 15:05:00,2026-02-12 15:50:33,Запад,Зелёная кухня,legacy_csv,car,clear,6.46,24.3,4,45.6,50,1730,delivered,,C003
D100031,2026-02-17 11:30:00,2026-02-17 12:08:14,Восток,Зелёная кухня,legacy_csv,scooter,rain,1800.0,21.4,2,38.2,42,1340,delivered,,C043
D100032,2026-02-10 19:39:00,2026-02-10 20:17:41,Юг,Зелёная кухня,app,car,clear,6.38,19.2,1,38.7,51,1 140 ₽,delivered,,C040
D100033,2026-02-17 10:06:00,2026-02-17 10:27:54,запад,Пицца & Ко,partner_api,bike,clear,1.9,20.6,3,0.0,35,1540,cancelled,,
D100034,2026-02-19 12:56:00,2026-02-19 13:18:31,Юг,БУРГЕРНАЯ 24,app,scooter,snow,8.13,7.1,4,0.0,66,910,cancelled,,
D100035,2026-02-25 09:21:00,2026-02-25 10:00:20,Восток,Зелёная кухня,app,car,snow,-0.98,17.0,1,39.3,35,1070,delivered,5.0,C060
D100036,2026-02-06 14:49:00,2026-02-06 15:12:17,Центр,Sushi Lab,app,car,clear,1.31,13.7,1,23.3,35,1190,delivered,4.0,C144
D100037,2026-02-28 10:07:00,2026-02-28 11:02:03,Запад,Пицца & Ко,app,car,clear,"9,88",24.1,1,55.1,55,1860,delivered,4.0,C130
D100038,2026-02-28 20:29:00,2026-02-28 21:15:32,Север,Пекарня №7,app,scooter,clear,6.77,21.9,1,46.5,50,820,delivered,4.0,C140
D100039,2026-02-17 21:56:00,2026-02-17 22:32:11,центр,Зелёная кухня,app,bike,clear,4.75,15.2,3,36.2,51,1210,delivered,5.0,C077
D100040,2026-02-16 15:50:00,2026-02-16 16:05:52,Запад,Sushi Lab,app,bike,clear,0.98,11.9,2,15.9,35,1000,delivered,,C116
D100041,2026-02-19 19:02:00,2026-02-19 19:24:29,Юг,Sushi Lab,app,scooter,clear,11.77,15.1,3,0.0,65,970,cancelled,,
D100042,2026-02-09 09:30:00,2026-02-09 09:49:11,Восток,Пекарня №7,partner_api,car,clear,7.36,19.5,2,0.0,54,1590,cancelled,,
D100043,2026-02-18 09:04:00,2026-02-18 09:45:30,Центр,Зелёная кухня,partner_api,bike,clear,"1,24",27.5,1,41.5,37,840,delivered,5.0,C149
D100044,2026-02-21 13:35:00,2026-02-21 14:24:33,Центр,Sushi Lab,partner_api,bike,snow,4.3,12.9,3,49.6,57,1790,delivered,,C018
D100045,2026-02-13 16:25:00,2026-02-13 17:10:21,Восток,Зелёная кухня,app,bike,clear,7.32,19.1,2,45.4,51,820,delivered,5.0,C054
D100046,2026-02-09 19:02:00,2026-02-09 19:57:19,Север,Пицца & Ко,partner_api,scooter,rain,7.74,23.0,2,3318.0,57,1590,delivered,,C073
D100047,2026-02-24 21:10:00,2026-02-24 21:39:30,Восток,Sushi Lab,app,bike,rain,1.68,19.1,2,29.5,39,1890,delivered,5.0,C048
D100048,2026-02-02 13:51:00,2026-02-02 14:32:33,Юг,Wok Station,app,scooter,clear,2.53,21.6,2,41.6,35,850 ₽,delivered,,C086
D100049,2026-02-01 11:54:00,2026-02-01 12:25:28,Юг,Хинкали House,app,scooter,clear,4.93,6.0,3,31.5,48,1020,delivered,5.0,C088
D100050,2026-02-12 12:54:00,2026-02-12 13:21:44,Центр,Taco Point,app,scooter,clear,2.54,13.1,1,27.7,35,650,delivered,5.0,C048
D100051,2026-02-23 21:22:00,2026-02-24 00:13:31,Восток,Wok Station,app,walk,rain,18.5,24.7,2,171.5,89,2330,delivered,,C023
D100052,2026-02-22 19:55:00,2026-02-22 20:55:12,Юг,Пицца & Ко,app,bike,rain,3.42,25.1,3,60.2,39,1530,delivered,4.0,C098
D100053,2026-02-20 17:14:00,2026-02-20 17:42:20,Запад,Taco Point,app,car,clear,1.04,18.9,1,28.3,38,2310,delivered,,C019
D100054,2026-02-24 15:11:00,2026-02-24 15:42:32,Север ,Пекарня №7,web,scooter,clear,4.19,16.9,2,31.5,40,1350,delivered,4.0,C098
D100055,2026-02-11 15:52:00,2026-02-11 18:24:16,Юг,Пицца & Ко,web,bike,snow,8.76,22.0,4,152.3,66,1470,delivered,2.0,C033
D100056,2026-02-24 10:13:00,2026-02-24 10:40:53,Юг,Sushi Lab,legacy_csv,walk,rain,1.12,,1,27.9,35,650,delivered,4.0,C059
D100057,2026-02-19 09:57:00,2026-02-19 10:39:07,Центр,Taco Point,app,walk,rain,1.48,22.2,1,42.1,36,680,delivered,,C014
D100058,2026-02-17 12:49:00,2026-02-17 13:45:22,Восток,Wok Station,app,walk,rain,3.76,23.7,2,56.4,50,1480,delivered,4.0,C043
D100059,2026-02-15 12:00:00,2026-02-15 12:58:07,Юг,Пекарня №7,app,car,clear,11.54,14.4,3,58.1,65,2550,delivered,4.0,C071
D100060,2026-02-24 19:34:00,2026-02-24 20:11:59,Центр,Пекарня №7,app,car,rain,1.54,19.9,1,38.0,38,1710,delivered,5.0,C142
D100061,2026-02-23 11:11:00,2026-02-23 11:30:58,Север,Taco Point,web,bike,clear,7.46,21.2,1,0.0,59,2330,cancelled,,
D100062,2026-02-21 08:51:00,2026-02-21 09:20:05,Центр,Пекарня №7,legacy_csv,scooter,clear,1.53,,1,29.1,35,850,delivered,4.0,C025
D100063,2026-02-28 14:22:00,2026-02-28 15:09:51,Юг,Wok Station,app,walk,clear,3.13,14.3,3,47.9,35,990 ₽,delivered,,C093
D100064,2026-02-08 19:12:00,2026-02-08 19:40:33,Север,Taco Point,web,bike,rain,1.83,14.3,2,28.6,35,1590,delivered,,C003
D100065,2026-02-04 21:28:00,2026-02-04 21:58:19,Восток,Хинкали House,app,walk,rain,2.3,9.5,3,30.3,43,1630,delivered,,C005
D100066,2026-02-22 09:55:00,2026-02-22 10:15:53,Юг,Хинкали House,web,car,clear,4.43,12.3,1,20.9,38,1170,delivered,5.0,C037
D100067,2026-02-05 10:39:00,2026-02-05 11:29:02,Запад,Sushi Lab,partner_api,car,clear,11.51,18.5,3,50.0,69,890,delivered,5.0,C060
D100068,2026-02-13 13:47:00,2026-02-13 14:21:54,Центр,Пекарня №7,partner_api,scooter,clear,5.08,19.6,1,2094.0,50,2170,delivered,,C024
D100069,2026-02-18 08:49:00,2026-02-18 09:12:07,Центр,Пекарня №7,partner_api,bike,clear,1.52,17.0,3,23.1,39,890,delivered,5.0,C110
D100070,2026-02-26 08:10:00,2026-02-26 08:45:31,Центр,Wok Station,app,car,rain,2.05,18.8,2,35.5,41,890,delivered,5.0,C142
D100071,2026-02-12 20:38:00,2026-02-12 21:08:06,Восток,Зелёная кухня,partner_api,car,clear,2.78,15.7,1,30.1,43,620,delivered,5.0,C136
D100072,2026-02-21 15:17:00,2026-02-21 15:54:15,Восток,Пицца & Ко,web,car,rain,4.78,16.7,1,37.3,52,820,delivered,4.0,C102
D100073,2026-02-19 10:09:00,2026-02-19 10:55:20,Восток,Taco Point,web,walk,clear,5.04,8.4,3,46.3,52,1470,delivered,5.0,C115
D100074,2026-02-16 20:15:00,2026-02-16 20:56:13,Юг,Бургерная 24,app,car,clear,9.43,4.0,1,41.2,64,1920,delivered,,C090
D100075,2026-02-17 17:50:00,2026-02-17 18:07:34,Запад,Хинкали House,app,scooter,clear,1.77,11.8,3,17.6,35,2030,delivered,5.0,C102
D100076,2026-02-04 12:18:00,2026-02-04 13:02:18,Запад,Пицца & Ко,web,bike,rain,4.75,18.6,1,44.3,53,1140,delivered,5.0,C007
D100077,2026-02-14 18:26:00,2026-02-14 19:11:55,Центр,Зелёная кухня,app,bike,clear,3.16,22.2,1,45.9,36,1460,delivered,5.0,C036
D100078,2026-02-14 13:17:00,2026-02-14 13:26:46,Запад,Пекарня №7,partner_api,bike,clear,3.49,19.0,1,0.0,43,1190,cancelled,,
D100079,2026-02-21 18:14:00,2026-02-21 18:58:31,Юг,Пекарня №7,web,car,rain,6.49,13.6,2,44.5,58,780,delivered,4.0,C115
D100080,2026-02-20 14:04:00,2026-02-20 15:07:35,Юг,Пекарня №7,app,bike,clear,9.76,16.6,2,63.6,58,570,delivered,4.0,C088
D100081,2026-02-04 15:04:00,2026-02-04 15:45:45,Центр,Пекарня №7,app,bike,clear,"1,98",26.7,1,41.8,35,1620,delivered,4.0,C120
D100082,2026-02-17 21:12:00,2026-02-17 21:39:22,Центр,Sushi Lab,web,car,clear,3.43,16.7,1,27.4,48,1020,delivered,5.0,C089
D100083,2026-02-20 11:55:00,2026-02-20 12:15:53,Восток,Бургерная 24,web,car,clear,2.34,9.3,1,20.9,35,1530,delivered,5.0,C111
D100084,2026-02-27 08:44:00,2026-02-27 09:38:01,Восток,Пекарня №7,legacy_csv,walk,clear,4.6,15.0,2,54.0,45,1080,delivered,4.0,C066
D100085,2026-02-21 17:14:00,2026-02-21 17:32:24,Север,Бургерная 24,partner_api,scooter,clear,0.5,14.4,2,1104.0,35,1480,delivered,4.0,C025
D100086,2026-02-28 20:09:00,2026-02-28 20:48:34,Север,Sushi Lab,web,bike,clear,4.19,21.2,3,39.6,36,1010,delivered,,C040
D100087,2026-02-21 18:33:00,2026-02-21 19:27:16,Юг,Хинкали House,app,bike,rain,5.34,12.5,3,54.3,46,1170,delivered,,C077
D100088,2026-02-07 13:19:00,2026-02-07 13:43:16,Север,Бургерная 24,app,car,clear,2.89,16.6,1,24.3,40,1180,delivered,6,C098
D100089,2026-02-09 08:06:00,2026-02-09 08:49:18,север,Taco Point,app,bike,clear,8.11,16.9,2,43.3,48,1460,delivered,,C051
D100090,2026-02-13 17:38:00,2026-02-13 18:08:50,Север,Бургерная 24,app,bike,snow,1.77,11.7,2,30.8,40,1350,delivered,5.0,C055
D100091,2026-02-09 13:55:00,2026-02-09 14:39:41,Юг,Wok Station,app,bike,clear,4.19,19.5,2,44.7,47,750,delivered,,C044
D100092,2026-02-14 10:13:00,2026-02-14 10:58:22,Запад,Sushi Lab,app,bike,snow,3.28,11.3,2,45.4,52,1030,delivered,,C071
D100093,2026-02-18 14:19:00,2026-02-18 14:49:05,Юг,Бургерная 24,app,scooter,clear,-3.09,8.4,3,30.1,38,930,delivered,4.0,C036
D100094,2026-02-14 19:51:00,2026-02-14 20:25:05,Север,Пицца & Ко,app,scooter,clear,2.77,21.5,2,34.1,38,1140,delivered,,C106
D100095,2026-02-18 18:59:00,2026-02-18 19:29:16,Центр,Зелёная кухня,app,bike,clear,1.57,16.9,1,30.3,35,760,DELIVERED,5.0,C073
D100096,2026-02-20 15:28:00,2026-02-20 16:12:44,Юг,Sushi Lab,app,bike,clear,4.28,11.8,3,44.7,41,1380,delivered,,C009
D100097,2026-02-18 14:39:00,2026-02-18 15:09:00,Восток,Пекарня №7,app,BIKE,rain,2.46,14.6,3,30.0,44,930,delivered,5.0,C027
D100098,2026-02-05 17:37:00,2026-02-05 19:13:19,Центр,Пекарня №7,partner_api,walk,clear,10.79,15.8,1,96.3,66,3290,delivered,,C015
D100099,2026-02-04 11:43:00,2026-02-04 11:56:45,Центр,Хинкали House,app,car,clear,1.94,4.0,1,13.8,41,1370,delivered,5.0,C137
D100100,2026-02-17 10:36:00,2026-02-17 11:07:23,Центр,Пицца & Ко,app,bike,clear,2.04,13.6,2,31.4,41,1140,delivered,4.0,C055
D100101,2026-02-04 17:37:00,2026-02-04 18:11:32,Юг,Taco Point,app,car,clear,1.01,19.1,2,34.5,35,580,delivered,,C044
D100102,2026-02-27 18:48:00,2026-02-27 19:27:34,Север,Зелёная кухня,web,bike,clear,1.71,22.3,2,39.6,35,1560,delivered,5.0,C025
D100103,2026-02-25 19:54:00,2026-02-25 20:27:39,Юг,Зелёная кухня,app,car,clear,2.92,12.7,3,33.7,37,850,delivered,5.0,C064
D100104,2026-02-04 18:19:00,2026-02-04 18:56:29,Юг,Бургерная 24,web,scooter,clear,6.35,17.5,1,37.5,52,740,delivered,,C120
D100105,2026-02-24 14:00:00,2026-02-24 14:28:44,Центр,Хинкали House,app,bike,clear,2.31,14.1,1,28.7,37,2120,delivered,4.0,C115
D100106,2026-02-06 21:44:00,2026-02-06 22:16:10,Центр,Хинкали House,web,car,clear,4.27,13.0,2,32.2,49,1360,delivered,4.0,C025
D100107,2026-02-08 17:56:00,2026-02-08 18:18:32,Центр,Wok Station,app,car,clear,"1,06",15.6,4,22.5,35,960,delivered,5.0,C045
D100108,2026-02-16 13:50:00,2026-02-16 14:46:01,Юг,Хинкали House,app,bike,clear,7.06,12.3,4,56.0,54,380,delivered,5.0,C046
D100109,2026-02-02 18:20:00,2026-02-02 19:53:24,Юг, sushi lab ,app,walk,rain,8.03,16.2,2,93.4,56,1030,delivered,5.0,C149
D100110,2026-02-15 13:59:00,2026-02-15 14:24:23,Центр,Sushi Lab,web,car,clear,3.87,13.8,1,-25.4,48,1720,delivered,5.0,C142
D100111,2026-02-08 13:28:00,2026-02-08 13:51:22,Север,Зелёная кухня,app,bike,clear,1.95,14.0,2,23.4,40,1860,delivered,,C032
D100112,2026-02-22 20:35:00,2026-02-22 21:14:25,Центр,Бургерная 24,web,scooter,clear,5.37,20.8,1,39.4,44,1360,delivered,5.0,C139
D100113,2026-02-06 10:15:00,2026-02-06 10:43:52,Север,Пицца & Ко,app,car,clear,2.98,17.5,3,28.9,37,2420,delivered,5.0,C023
D100114,2026-02-21 12:34:00,2026-02-21 12:55:56,Центр,Хинкали House,app,scooter,clear,2.31,11.5,1,21.9,35,870,delivered,4.0,C120
D100115,2026-02-05 12:44:00,2026-02-05 13:55:24,Восток,Бургерная 24,app,scooter,clear,16.73,12.8,2,71.4,84,1480,delivered,,C012
D100116,2026-02-01 08:14:00,2026-02-01 08:41:53,Север,Пицца & Ко,app,car,clear,2.13,23.9,1,27.9,35,520,DELIVERED,5.0,C148
D100117,2026-02-12 14:38:00,2026-02-12 15:35:47,Запад,Sushi Lab,app,car,rain,10.3,19.2,1,57.8,77,1480,delivered,4.0,C058
D100118,2026-02-13 15:49:00,2026-02-13 16:28:09,Восток,Taco Point,app,scooter,rain,2.02,19.8,3,39.2,36,1330,delivered,5.0,C119
D100119,2026-02-09 16:30:00,2026-02-09 17:02:54,Центр,Пицца & Ко,legacy_csv,scooter,clear,1.67,,1,32.9,35,1510,delivered,,C009
D100120,2026-02-16 11:43:00,2026-02-16 12:35:14,Юг,Taco Point,app,bike,rain,6.19,19.7,1,52.2,57,340,delivered,,C088
D100121,2026-02-12 21:42:00,2026-02-12 22:18:04,Восток,Sushi Lab,app,bike,rain,3.97,9.2,2,36.1,42,1050,delivered,4.0,C079
D100122,2026-02-18 16:20:00,2026-02-18 16:38:45,Запад,Sushi Lab,app,scooter,clear,1.64,10.4,1,18.8,39,570,delivered,4.0,C139
D100123,2026-02-26 16:57:00,2026-02-26 17:56:19,Центр,Taco Point,partner_api,walk,clear,3.49,26.2,3,59.3,44,720,delivered,5.0,C077
D100124,2026-02-25 20:07:00,2026-02-25 21:55:17,Центр,Пекарня №7,app,bike,snow,1.61,14.2,2,108.3,45,1050,delivered,3.0,C146
D100125,2026-02-05 21:40:00,2026-02-05 21:48:47,Север,Зелёная кухня,partner_api,bike,rain,4.15,13.6,1,0.0,48,1 700 ₽,cancelled,,
D100126,2026-02-14 11:19:00,2026-02-14 12:10:28,Запад,Зелёная кухня,app,scooter,snow,3.95,,2,51.5,52,1740,delivered,5.0,C119
D100127,2026-02-17 15:51:00,2026-02-17 16:40:23,Центр,Sushi Lab,legacy_csv,walk,clear,3.03,22.8,2,49.4,35,1100,delivered,4.0,C126
D100128,2026-02-14 13:04:00,2026-02-14 13:40:54,Центр,Пицца & Ко,legacy_csv,scooter,rain,1610.0,16.3,1,36.9,41,860,delivered,4.0,C110
D100129,2026-02-05 15:45:00,2026-02-05 16:10:57,Север,Пицца & Ко,app,bike,clear,0.62,22.0,1,26.0,35,1040,delivered,5.0,C071
D100130,2026-02-25 14:36:00,2026-02-25 15:08:11,Центр ,Бургерная 24,app,bike,clear,3.11,19.4,1,32.2,39,840,delivered,5.0,C009
D100131,2026-02-05 13:49:00,2026-02-05 14:42:01,Восток,Бургерная 24,app,bike,rain,8.77,15.4,1,53.0,60,1650,delivered,,C010
D100132,2026-02-10 19:33:00,2026-02-10 20:05:00,Север,Wok Station,web,bike,clear,3.82,17.6,2,32.0,41,1900,delivered,,C113
D100133,2026-02-26 11:46:00,2026-02-26 12:38:43,Восток,Wok Station,app,bike,clear,10.31,14.5,3,52.7,60,820,delivered,4.0,C020
D100134,2026-02-10 20:57:00,2026-02-10 21:26:33,Запад,Sushi Lab,app,bike,rain,1.16,16.6,1,29.6,43,2420,delivered,5.0,C045
D100135,2026-02-20 11:56:00,2026-02-20 12:19:41,Юг,Хинкали House,web,car,clear,1.35,4.2,3,23.7,36,670,delivered,5.0,C043
D100136,2026-02-10 16:32:00,2026-02-10 17:14:45,Центр,Sushi Lab,app,bike,snow,1.42,17.7,2,42.8,43,1510,delivered,5.0,C072
D100137,2026-02-26 20:01:00,2026-02-26 20:14:21,Центр,Зелёная кухня,app,bike,clear,2.16,18.2,2,0.0,38,1760,cancelled,,
D100138,2026-02-26 09:29:00,2026-02-26 09:52:22,Восток,ЗЕЛЁНАЯ КУХНЯ,app,bike,clear,2.8,14.3,2,23.4,35,2130,delivered,5.0,C124
D100139,2026-02-21 14:54:00,2026-02-21 15:14:37,Запад,Пицца & Ко,app,scooter,clear,1.47,9.1,2,20.6,37,590,delivered,5.0,C083
D100140,2026-02-12 21:25:00,2026-02-12 22:12:28,Запад,Хинкали House,web,bike,rain,5.49,13.5,3,47.5,55,590,delivered,4.0,C011
D100141,2026-02-13 13:10:00,2026-02-13 13:39:33,Центр,Taco Point,web, scooter ,clear,1.77,14.7,3,29.6,35,910,delivered,,C077
D100142,2026-02-25 20:04:00,2026-02-25 20:23:10,Центр,Sushi Lab,app,car,clear,2.81,9.7,1,19.2,42,590,delivered,4.0,C077
D100143,2026-02-07 13:37:00,2026-02-07 14:22:32,Юг,Бургерная 24,web,scooter,rain,3.4,16.0,3,45.5,50,1260,delivered,4.0,C086
D100144,2026-02-19 19:02:00,2026-02-19 19:53:15,Юг,Бургерная 24,web,scooter,clear,6.48,21.0,2,51.3,48,630,delivered,5.0,C127
D100145,2026-02-16 15:17:00,2026-02-16 15:50:51,Юг,Taco Point,app,bike,rain,1.95,13.8,2,33.9,53,3790,delivered,5.0,C037
D100146,2026-02-18 11:02:00,2026-02-18 11:25:25,Север,Хинкали House,app,BIKE,clear,4.74,6.7,3,23.4,43,510,delivered,5.0,C147
D100147,2026-02-17 13:58:00,2026-02-17 14:30:19,Восток,Пекарня №7,app,bike,clear,3.8,18.6,3,32.3,41,1500,delivered,5.0,C148
D100148,2026-02-06 08:44:00,2026-02-06 09:07:11,Юг,Пекарня №7,app,scooter,clear,5.59,7.1,3,0.0,48,890,cancelled,,
D100149,2026-02-27 17:38:00,2026-02-27 17:49:07,Север,Sushi Lab,app,scooter,snow,11.63,12.3,2,0.0,77,760,cancelled,,
D100150,2026-02-20 19:04:00,2026-02-20 19:39:48,Север,Пицца & Ко,app,scooter,clear,6.42,15.2,2,35.8,51,840,delivered,4.0,C131
D100151,2026-02-20 15:12:00,2026-02-20 15:57:48,Север,Бургерная 24,legacy_csv,walk,clear,4.28,15.0,1,45.8,43,1460, delivered ,5.0,C047
D100152,2026-02-09 15:42:00,2026-02-09 16:16:33,Запад,Sushi Lab,partner_api,car,rain,2.25,19.6,2,34.6,40,1140,delivered,4.0,C024
D100153,2026-02-26 18:38:00,2026-02-26 19:05:55,Центр,Sushi Lab,app,bike,rain,1.59,13.4,3,27.9,43,480,delivered,,C052
D100154,2026-02-15 09:37:00,2026-02-15 09:55:02,Запад,Зелёная кухня,partner_api,car,rain,2.83,20.1,2,0.0,44,990,cancelled,,
D100155,2026-02-15 17:46:00,2026-02-15 18:38:02,Восток,Пекарня №7,web,scooter,clear,8.58,16.6,1,52.0,59,900,delivered,5.0,C017
D100156,2026-02-03 20:38:00,2026-02-03 21:25:51,Центр,Зелёная кухня,web,scooter,snow,3.39,20.2,1,47.9,45,3410,delivered,5.0,C147
D100157,2026-02-17 14:00:00,2026-02-17 14:38:47,Юг,Зелёная кухня,web,car,clear,3.69,12.4,4,38.8,48,980,delivered,4.0,C029
D100158,2026-02-12 15:45:00,2026-02-12 16:13:01,Центр,Taco Point,web,scooter,clear,0.67,17.9,2,28.0,35,1280,delivered,,C056
D100159,2026-02-08 11:16:00,2026-02-08 11:41:56,Центр ,Wok Station,app,car,clear,4.84,14.5,1,25.9,45,570,delivered,4.0,C146
D100160,2026-02-09 09:37:00,2026-02-09 10:15:35,Юг,Taco Point,app,scooter,clear,"5,54",13.7,2,38.6,46,600,delivered,,C007
D100161,2026-02-13 18:10:00,2026-02-13 18:43:58,Восток,Зелёная кухня,web,walk,clear,2.64,15.6,1,34.0,41,370,delivered,,C025
D100162,2026-02-26 12:38:00,2026-02-26 13:16:47,Запад,Пицца & Ко,app,bike,clear,3.81,22.1,2,38.8,36,550,delivered,5.0,C092
D100163,2026-02-20 14:22:00,2026-02-20 14:48:16,Юг,Пекарня №7,app,car,clear,3.36,14.2,1,26.3,39,990,delivered,4.0,C060
D100164,2026-02-11 10:07:00,2026-02-11 10:39:03,Север,Пекарня №7,app,scooter,clear,2.68,22.9,1,32.1,35,830,delivered,5.0,C106
D100165,2026-02-13 15:47:00,2026-02-13 16:36:44,Север,Зелёная кухня,web,walk,clear,3.82,18.9,1,49.7,39,1300,delivered,5.0,C043
D100166,2026-02-21 20:46:00,2026-02-21 21:22:09,Восток,Хинкали House,web,car,rain,5.95,12.3,1,36.2,53,1370,delivered,5.0,C099
D100167,2026-02-07 20:25:00,2026-02-07 21:05:15,Центр,Wok Station,partner_api,walk,clear,2.74,14.8,2,40.3,46,1120,delivered,5.0,C144
D100168,2026-02-10 11:15:00,2026-02-10 12:08:58,Север,Пицца & Ко,app,scooter,clear,7.16,27.4,1,54.0,54,1240, delivered ,4.0,C005
D100169,2026-02-11 16:44:00,2026-02-11 16:49:15,Юг,Пекарня №7,legacy_csv,bike,rain,1.95,11.7,3,0.0,45,990,cancelled,,
D100170,2026-02-22 10:45:00,2026-02-22 11:15:46,Запад,Бургерная 24,app,bike,clear,1.21,16.5,1,30.8,35,1160,delivered,,C065
D100171,2026-02-21 10:53:00,2026-02-21 11:41:10,Юг,Зелёная кухня,app,scooter,clear,3.56,21.2,3,48.2,48,1090,delivered,5.0,C139
D100172,2026-02-16 18:34:00,2026-02-16 19:13:20,Юг,Пекарня №7,partner_api,scooter,rain,1.14,8.3,4,39.3,35,640,delivered,5.0,C146
D100173,2026-02-24 09:49:00,2026-02-24 09:58:05,Юг,Зелёная кухня,partner_api,bike,clear,0.82,15.9,2,0.0,35,1530,cancelled,,
D100174,2026-02-01 19:02:00,2026-02-01 19:47:54,Восток,Хинкали House,partner_api,scooter,rain,6.68,19.1,3,45.9,55,690,delivered,5.0,C083
D100175,2026-02-26 15:30:00,2026-02-26 15:52:46,Запад ,Пицца & Ко,web,bike,clear,7.26,22.2,3,0.0,53,1120,cancelled,,
D100176,2026-02-08 17:29:00,2026-02-08 18:03:19,Центр,Зелёная кухня,partner_api,scooter,clear,3.8,17.6,1,2058.0,38,1460,delivered,5.0,C113
D100177,2026-02-24 19:58:00,2026-02-24 20:24:28,Восток,Taco Point,legacy_csv,car,clear,1.13,,2,26.5,35,1390,delivered,5.0,C112
D100178,2026-02-23 19:51:00,2026-02-23 20:16:22,Запад,Taco Point,app,car,clear,2.67,18.4,3,25.4,39,1870,delivered,5.0,C130
D100179,2026-02-26 08:55:00,2026-02-26 09:24:36,север,Зелёная кухня,app,car,clear,3.5,11.6,1,29.6,40,950,delivered,5.0,C041
D100180,2026-02-18 21:11:00,2026-02-18 21:34:39,Восток,Бургерная 24,partner_api,bike,clear,5.97,14.9,3,0.0,49,770,cancelled,,
D100181,2026-02-27 08:38:00,2026-02-27 08:59:33,Запад,Бургерная 24,partner_api,bike,rain,2.29,8.9,1,21.6,39,740,delivered,5.0,C068
D100182,2026-02-01 11:54:00,2026-02-01 12:26:15,Центр,Зелёная кухня,partner_api,car,rain,1.21,22.1,2,32.3,44,670,delivered,4.0,C135
D100183,2026-02-24 17:01:00,2026-02-24 17:37:29,Центр, бургерная 24 ,partner_api,bike,clear,5.69,9.7,1,36.5,46,980,delivered,,C150
D100184,2026-02-26 17:10:00,2026-02-26 17:33:47,Восток,Зелёная кухня,legacy_csv,scooter,clear,2.19,14.6,3,23.8,35,440,delivered,,C137
D100185,2026-02-22 20:38:00,2026-02-22 21:12:08,Юг,Хинкали House,app,scooter,clear,5.07,7.6,2,34.1,44,910,delivered,5.0,C150
D100186,2026-02-01 10:07:00,2026-02-01 10:50:13,Запад ,Хинкали House,web,bike,rain,6.24,10.3,2,43.2,55,800,delivered,3.0,C049
D100187,2026-02-19 12:09:00,2026-02-19 12:48:02,Север,Пицца & Ко,app,car,clear,8.12,17.0,2,39.0,59,860,delivered,,C145
D100188,2026-02-08 19:56:00,2026-02-08 20:13:22,Центр,Зелёная кухня,legacy_csv,bike,clear,3.33,21.4,4,0.0,47,1480,cancelled,,
D100189,2026-02-14 19:17:00,2026-02-14 20:03:34,Центр,Пицца & Ко,legacy_csv,scooter,rain,4.07,23.3,2,46.6,50,1050,delivered,,C044
D100190,2026-02-11 11:06:00,2026-02-11 11:43:54,Запад,Пекарня №7,web,car,rain,8.13,11.6,1,37.9,54,960,delivered,5.0,C115
D100191,2026-02-15 19:37:00,2026-02-15 20:24:46,Север,Зелёная кухня,web,car,clear,8.67,19.1,2,47.8,59,2010,delivered,,C046
D100192,2026-02-19 09:07:00,2026-02-19 09:55:28,Восток,Пицца & Ко,legacy_csv,car,clear,7.74,,2,48.5,60,1520,delivered,4.0,C049
D100193,2026-02-15 14:57:00,2026-02-15 15:35:32,Юг,Пицца & Ко,partner_api,car,clear,4.42,16.5,4,38.5,47,1780,delivered,,C069
D100194,2026-02-20 15:44:00,2026-02-20 16:24:21,Восток,Wok Station,web,scooter,clear,5.06,18.7,3,40.4,49,810,delivered,5.0,C139
D100195,2026-02-01 18:59:00,2026-02-01 19:36:13,Центр,Пицца & Ко,web,car,clear,1.47,23.2,1,37.2,35,3440,delivered,5.0,C051
D100196,2026-02-11 21:10:00,2026-02-11 21:47:41,Юг,Зелёная кухня,app,bike,clear,2.47,17.2,2,37.7,36,960,delivered,5.0,C113
D100197,2026-02-02 19:00:00,2026-02-02 19:19:31,Север,Бургерная 24,app,bike,clear,1.16,14.7,1,19.5,35,970,delivered,4.0,C138
D100198,2026-02-12 08:38:00,2026-02-12 09:13:15,Запад,Wok Station,web,bike,rain,1.95,18.9,1,35.3,41,1140,delivered,4.0,C122
D100199,2026-02-27 20:44:00,2026-02-27 21:36:40,Центр,Бургерная 24,app,bike,clear,8.45,19.8,3,52.7,63,980,delivered,,C106
D100200,2026-02-03 12:36:00,2026-02-03 13:08:18,Запад,Бургерная 24,web,bike,clear,3.42,10.6,1,32.3,38,930,delivered,5.0,C034
D100201,2026-02-19 09:12:00,2026-02-19 09:28:01,Юг,Пицца & Ко,partner_api,bike,clear,6.87,18.9,3,0.0,49,1110,cancelled,,
D100202,2026-02-03 20:39:00,2026-02-03 21:16:42,Восток ,Зелёная кухня,app,walk,clear,1.99,24.5,2,37.7,45,2640,delivered,5.0,C024
D100203,2026-02-07 12:45:00,2026-02-07 13:15:46,Центр,Хинкали House,app,scooter,rain,0.5,15.2,2,30.8,37,910,delivered,5.0,C118
D100204,2026-02-19 09:12:00,2026-02-19 09:52:09,Юг,Wok Station,legacy_csv,bike,clear,1670.0,20.8,3,40.2,35,1350,delivered,5.0,C086
D100205,2026-02-03 17:34:00,2026-02-03 17:57:11,Центр,Бургерная 24,web,bike,clear,0.63,15.6,2,23.2,35,1490,delivered,4.0,C149
D100206,2026-02-14 18:08:00,2026-02-14 19:22:03,Юг,Пекарня №7,app,scooter,clear,13.6,11.1,4,74.1,67,830,delivered,5.0,C074
D100207,2026-02-13 19:03:00,2026-02-13 19:34:23,Север,Пекарня №7,web,bike,clear,3.89,15.4,2,31.4,39,980,delivered,,C094
D100208,2026-02-03 12:29:00,2026-02-03 13:08:35,Запад,Зелёная кухня,web,bike,clear,5.35,11.9,2,39.6,45,1300,delivered,4.0,C095
D100209,2026-02-01 09:46:00,2026-02-01 10:16:49,Запад,Пекарня №7,web,car,clear,2.98,14.3,2,30.8,35,2520,delivered,,C107
D100210,2026-02-16 21:35:00,2026-02-16 23:22:38,Запад,Пицца & Ко,legacy_csv,car,snow,4.02,19.1,2,107.6,46,1050,delivered,2.0,C119
D100211,2026-02-18 19:04:00,2026-02-18 19:19:06,Север,Wok Station,app,scooter,clear,0.53,11.1,2,15.1,35,1910,delivered,5.0,C040
D100212,2026-02-02 18:01:00,2026-02-02 18:29:55,Центр,Пекарня №7,partner_api,bike,clear,1.1,17.6,1,28.9,35,1540,delivered,,C065
D100213,2026-02-13 13:59:00,2026-02-13 14:40:05,Центр,Пицца & Ко,legacy_csv,scooter,clear,2.56,,2,41.1,41,960,delivered,,C032
D100214,2026-02-24 21:37:00,2026-02-24 22:03:52,Север,Хинкали House,app,bike,rain,2.09,6.3,1,26.9,35,910,delivered,5.0,C130
D100215,2026-02-18 18:03:00,2026-02-18 18:34:38,Север,Зелёная кухня,legacy_csv,walk,clear,1440.0,19.3,1,31.6,35,1020,delivered,4.0,C039
D100216,2026-02-25 18:13:00,2026-02-25 18:56:31,Центр,Зелёная кухня,legacy_csv,bike,clear,1.66,,1,43.5,38,970,delivered,,C125
D100217,2026-02-13 15:58:00,2026-02-13 16:26:16,Север,Sushi Lab,app,scooter,clear,5.38,15.3,2,28.3,43,1760,delivered,4.0,C098
D100218,2026-02-01 18:33:00,2026-02-01 19:21:14,Центр,Пицца & Ко,legacy_csv,scooter,rain,1.77,,1,48.2,38,470,delivered,5.0,C132
D100219,2026-02-01 19:33:00,2026-02-01 19:58:04,Центр,Пицца & Ко,web,bike,clear,3.22,12.3,1,25.1,36,1270,delivered,5.0,C055
D100220,2026-02-10 09:34:00,2026-02-10 10:00:51,Север,Wok Station,app,bike,clear,1.24,17.8,3,26.9,35,1410,delivered,5.0,C132
D100221,2026-02-25 15:40:00,2026-02-25 16:14:27,Центр,Пицца & Ко,web,car,rain,0.69,18.8,1,34.5,39,2500,delivered,4.0,C124
D100222,2026-02-10 17:35:00,2026-02-10 18:19:48,Запад,Taco Point,partner_api,bike,snow,2.31,16.1,2,44.8,46,1210,delivered,,C075
D100223,2026-02-08 13:08:00,2026-02-08 13:30:49,Север,Пекарня №7,legacy_csv,car,clear,2940.0,14.9,2,22.8,42,1020,delivered,5.0,C040
D100224,2026-02-05 08:13:00,2026-02-05 08:43:10,Восток,Хинкали House,legacy_csv,bike,clear,4.97,,2,30.2,48,820,delivered,4.0,C124
D100225,2026-02-09 08:36:00,2026-02-09 09:23:56,Север,Пицца & Ко,partner_api,car,rain,10.0,16.7,3,47.9,65,690,delivered,5.0,C083
D100226,2026-02-06 12:43:00,2026-02-06 13:12:26,Центр,Taco Point,app,scooter,clear,1.92,17.2,1,29.4,42,920,delivered,0,C138
D100227,2026-02-26 09:08:00,2026-02-26 09:51:22,Центр,Бургерная 24,app,bike,rain,4.85,18.1,2,43.4,48,1180,delivered,4.0,C006
D100228,2026-02-03 20:59:00,2026-02-03 21:31:46,Восток,Пекарня №7,app,bike,clear,3.1,18.2,3,32.8,39,1140,delivered,5.0,C016
D100229,2026-02-18 16:16:00,2026-02-18 16:39:47,Север,Зелёная кухня,web,bike,rain,1.36,12.3,2,23.8,40,1130,delivered,5.0,C038
D100230,2026-02-23 10:27:00,2026-02-23 10:34:38,Юг,Wok Station,legacy_csv,scooter,clear,12.64,,4,0.0,76,840,cancelled,,
D100231,2026-02-17 12:20:00,2026-02-17 12:49:36,Север,SUSHI LAB,app,car,clear,5.47,15.8,3,29.6,45,820,delivered,4.0,C147
D100232,2026-02-27 13:44:00,2026-02-27 14:10:26,Восток,Зелёная кухня,partner_api,bike,clear,2.68,14.8,3,26.4,41,630,delivered,,C079
D100233,2026-02-20 19:42:00,2026-02-20 20:08:07,Юг,Бургерная 24,web,car,clear,3.34,13.2,1,26.1,39,1000,delivered,,C088
D100234,2026-02-19 13:18:00,2026-02-19 13:43:07,Север,Wok Station,app,car,clear,3.87,18.7,2,25.1,35,760,delivered,5.0,C109
D100235,2026-02-26 14:32:00,2026-02-26 15:48:41,Юг,Зелёная кухня,web,bike,rain,10.84,12.7,3,76.7,67,920,delivered,4.0,C049
D100236,2026-02-27 08:12:00,2026-02-27 08:44:35,Запад,Taco Point,app,scooter,clear,5.31,17.4,2,32.6,45,1310,delivered,,C032
D100237,2026-02-12 21:42:00,2026-02-12 22:39:24,Запад,Бургерная 24,partner_api,bike,rain,8.84,13.5,4,57.4,58,1840,delivered,5.0,C098
D100238,2026-02-04 08:51:00,2026-02-04 09:25:54,Запад,Пицца & Ко,legacy_csv,scooter,rain,1.73,23.9,1,34.9,43,760 ₽,delivered,3.0,C102
D100239,2026-02-15 12:12:00,2026-02-15 12:45:26,Восток,Пекарня №7,app,car,clear,5.63,16.6,3,33.4,44,1630,delivered,5.0,C055
D100240,2026-02-10 19:19:00,2026-02-10 19:41:18,Запад,Пекарня №7,web,bike,clear,0.72,18.3,1,22.3,35,910,delivered,5.0,C135
D100241,2026-02-13 16:07:00,2026-02-13 16:15:57,Юг,Хинкали House,app,walk,clear,5.85,12.0,2,0.0,51,3150,cancelled,,
D100242,2026-02-11 17:23:00,2026-02-11 18:10:03,Север ,Бургерная 24,app,car,snow,3.35,15.6,1,47.1,41,1270,delivered,5.0,C019
D100243,2026-02-22 10:17:00,2026-02-22 10:50:58,Север,Пицца & Ко,web,bike,clear,3.6,17.0,3,34.0,37,1 050 ₽,delivered,5.0,C114
D100244,2026-02-08 16:48:00,2026-02-08 18:13:22,Восток,Бургерная 24,app,walk,clear,9.19,16.0,4,85.4,63,740,delivered,3.0,C029
D100245,2026-02-25 14:43:00,2026-02-25 15:24:46,Центр,Пицца & Ко,app,scooter,clear,4.01,25.8,1,41.8,47,1560,delivered,4.0,C132
D100246,2026-02-07 12:05:00,2026-02-07 12:48:01,Север,Taco Point,app,bike,clear,6.34,16.3,2,43.0,49,1320,delivered,4.0,C127
D100247,2026-02-05 19:10:00,2026-02-05 19:33:32,Север,Хинкали House,app,scooter,clear,2.74,19.5,1,23.5,36,970,delivered,4.0,C001
D100248,2026-02-11 11:29:00,2026-02-11 11:48:05,Центр,Бургерная 24,app,bike,clear,3.34,12.3,1,19.1,40,300,delivered,,C001
D100249,2026-02-07 11:21:00,2026-02-07 11:29:27,Юг, taco point ,app,bike,clear,2.88,12.6,1,0.0,42,1120,cancelled,,
D100250,2026-02-04 09:20:00,2026-02-04 10:13:16,Восток,Зелёная кухня,web,scooter,snow,6.9,10.1,2,53.3,60,650,delivered,5.0,C013
D100251,2026-02-26 10:50:00,2026-02-26 11:33:32,Восток,Пекарня №7,legacy_csv,bike,clear,5.75,11.1,2,43.5,47,720,DELIVERED,5.0,C004
D100252,2026-02-11 13:31:00,2026-02-11 14:06:48,Центр,Sushi Lab,web,bike,clear,5.21,19.0,4,35.8,48,1020,delivered,,C092
D100253,2026-02-15 13:59:00,2026-02-15 14:33:45,Юг,Wok Station,web,scooter,clear,5.56,17.9,2,34.8,53,1090,delivered,5.0,C038
D100254,2026-02-08 20:51:00,2026-02-08 21:29:02,север,Taco Point,app,car,rain,5.47,21.2,2,38.0,48,1840,delivered,5.0,C020
D100255,2026-02-12 21:00:00,2026-02-12 21:18:39,Центр,Хинкали House,app,scooter,rain,0.54,13.3,2,18.7,36,520,delivered,5.0,C022
D100256,2026-02-20 18:32:00,2026-02-20 19:00:12,Центр,Sushi Lab,partner_api,car,rain,3.39,7.5,1,28.2,48,480,delivered,5.0,C075
D100257,2026-02-06 11:25:00,2026-02-06 11:56:02,Запад,Taco Point,app,scooter,clear,4.85,18.6,1,31.0,49,1250,delivered,,C147
D100258,2026-02-13 19:35:00,2026-02-13 20:32:54,Запад,Пицца & Ко,web,scooter,rain,6.48,24.5,1,57.9,50,1310,delivered,,C093
D100259,2026-02-28 20:47:00,2026-02-28 21:25:39,Центр,Зелёная кухня,legacy_csv,car,clear,2.81,,4,38.7,38,1230,delivered,5.0,C076
D100260,2026-02-13 10:21:00,2026-02-13 10:43:36,Центр,Taco Point,web,car,rain,3.04,17.5,2,0.0,40,1680,cancelled,,
D100261,2026-02-17 20:38:00,2026-02-17 23:00:12,Восток,Зелёная кухня,web,scooter,snow,13.98,15.0,2,142.2,88,890,delivered,,C050
D100262,2026-02-28 14:34:00,2026-02-28 15:17:06,Центр,Wok Station,web,bike,clear,5.53,20.8,1,43.1,49,870,delivered,4.0,C075
D100263,2026-02-09 15:31:00,2026-02-09 16:07:26,Юг,Taco Point,app,bike,rain,0.58,18.6,2,36.4,35,730,delivered,5.0,C088
D100264,2026-02-06 11:41:00,2026-02-06 12:08:13,Центр,Бургерная 24,app,car,clear,2.15,23.2,2,27.2,42,720,delivered,5.0,C084
D100265,2026-02-12 18:22:00,2026-02-12 18:50:03,Центр,Бургерная 24,app,bike,clear,1.8,13.4,1,28.1,41,580,delivered,4.0,C054
D100266,2026-02-18 13:00:00,2026-02-18 13:34:11,Восток,Wok Station,app,scooter,clear,4.27,21.4,2,34.2,42,2300,delivered,5.0,C043
D100267,2026-02-18 10:27:00,2026-02-18 10:52:18,Север,Зелёная кухня,app,bike,clear,2.2,14.0,1,25.3,35,820,delivered,,C026
D100268,2026-02-13 17:22:00,2026-02-13 18:08:47,Север,Пицца & Ко,app,car,rain,8.27,20.3,1,46.8,55,900,delivered,4.0,C131
D100269,2026-02-22 08:02:00,2026-02-22 09:09:55,Юг,Taco Point,app,bike,clear,7.65,14.3,4,67.9,56,1110,delivered,4.0,C090
D100270,2026-02-05 17:44:00,2026-02-05 18:36:57,юг,Пицца & Ко,partner_api,bike,clear,3.84,18.3,4,53.0,43,630,delivered,5.0,C063
D100271,2026-02-18 14:44:00,2026-02-18 15:18:50,Запад,Wok Station,app,scooter,clear,3.35,22.4,2,34.8,41,1450,delivered,,C030
D100272,2026-02-18 08:24:00,2026-02-18 08:53:25,Юг,Хинкали House,web,scooter,rain,1.46,11.8,2,29.4,36,600,delivered,4.0,C097
D100273,2026-02-22 18:54:00,2026-02-22 19:27:35,Центр,Taco Point,legacy_csv,car,clear,2.41,27.5,1,33.6,44,1870,delivered,5.0,C051
D100274,2026-02-11 13:36:00,2026-02-11 14:07:52,Центр,Sushi Lab,app,car,clear,0.95,18.8,3,31.9,41,850,delivered,4.0,C032
D100275,2026-02-20 18:08:00,2026-02-20 19:36:38,Восток,Хинкали House,app,walk,rain,7.95,6.8,1,88.6,62,820,delivered,4.0,C084
D100276,2026-02-24 10:15:00,2026-02-24 10:43:38,Центр,Sushi Lab,app,bike,rain,0.64,8.8,1,28.6,37,1370,delivered,4.0,C133
D100277,2026-02-28 15:05:00,2026-02-28 15:49:44,Запад,Taco Point,partner_api,bike,clear,"6,84",16.0,2,44.7,51,860,delivered,5.0,C114
D100278,2026-02-23 09:17:00,2026-02-23 10:10:14,Юг,Taco Point,partner_api,bike,snow,3.61,20.3,1,53.2,53,2020,delivered,4.0,C148
D100279,2026-02-17 13:06:00,2026-02-17 13:29:28,Запад,Бургерная 24,web,scooter,clear,6.36,10.4,2,0.0,51,1010,cancelled,,
D100280,2026-02-15 16:37:00,2026-02-15 17:27:18,Юг,Пекарня №7,app, bike ,rain,5.42,9.6,2,50.3,53,1560,delivered,,C084
D100281,2026-02-10 15:13:00,2026-02-10 15:39:22,Центр,Зелёная кухня,app,scooter,rain,0.6,9.2,1,26.4,35,2310,delivered,4.0,C058
D100282,2026-02-22 10:30:00,2026-02-22 11:08:11,Центр,Taco Point,app,car,clear,2.24,21.9,2,38.2,36,530,delivered,5.0,C018
D100283,2026-02-08 18:37:00,2026-02-08 19:26:11,Юг ,Пекарня №7,app,bike,clear,6.02,14.7,2,49.2,45,420,delivered,,C102
D100284,2026-02-22 15:56:00,2026-02-22 16:20:31,Север,Sushi Lab,app,scooter,clear,2.72,17.4,2,24.5,36,850,delivered,,unknown
D100285,2026-02-11 08:30:00,2026-02-11 09:11:18,Восток,Wok Station,web,bike,clear,5.54,14.6,2,41.3,54,1050,delivered,5.0,C053
D100286,2026-02-05 20:49:00,2026-02-05 21:41:41,Центр,Бургерная 24,partner_api,scooter,clear,10.47,12.9,1,3162.0,67,1390,delivered,4.0,C107
D100287,2026-02-15 16:30:00,2026-02-15 17:13:01,Юг,Хинкали House,app,car,snow,0.5,12.9,3,43.0,40,1360,delivered,,C109
D100288,2026-02-25 11:14:00,2026-02-25 11:46:25,Юг,Бургерная 24,app,car,clear,4.63,13.5,2,32.4,45,2050,delivered,5.0,C088
D100289,2026-02-21 17:05:00,2026-02-21 17:25:17,Центр,Wok Station,app,bike,clear,3.79,9.4,1,20.3,43,820,delivered,,C062
D100290,2026-02-12 09:03:00,2026-02-12 09:34:21,Восток,Зелёная кухня,app,BIKE,rain,3.57,17.4,1,31.4,45,1400,delivered,5.0,C058
D100291,2026-02-15 10:09:00,2026-02-15 10:48:26,Запад,Зелёная кухня,app,bike,clear,3.88,16.9,1,39.4,36,1270,delivered,5.0,C062
D100292,2026-02-17 10:48:00,2026-02-17 11:37:06,Восток,Хинкали House,app,bike,clear,6.06,11.7,2,49.1,45,1730,delivered,,C026
D100293,2026-02-12 16:59:00,2026-02-12 17:28:12,Центр,Зелёная кухня,partner_api,scooter,clear,5.05,10.4,3,1752.0,45,1910,delivered,5.0,C047
D100294,2026-02-03 19:36:00,2026-02-03 20:25:47,Восток,Пицца & Ко,web,scooter,rain,6.33,23.9,2,49.8,56,1020,delivered,4.0,C066
D100295,2026-02-13 11:43:00,2026-02-13 12:21:47,Юг,Бургерная 24,partner_api,scooter,clear,7.67,12.7,2,2328.0,58,1400,delivered,5.0,C033
D100296,2026-02-13 14:54:00,2026-02-13 15:22:36,Центр,Sushi Lab,partner_api,bike,clear,0.5,15.2,3,28.6,35,740,delivered,5.0,C015
D100297,2026-02-04 17:20:00,2026-02-04 17:50:38,Восток,Бургерная 24,app,bike,clear,3.73,16.4,1,30.6,39,720,delivered,5.0,C085
D100298,2026-02-01 08:11:00,2026-02-01 08:52:31,Восток,Sushi Lab,app,bike,snow,3.7,12.3,1,41.5,50,2180,delivered,4.0,C017
D100299,2026-02-13 20:51:00,2026-02-13 21:29:45,Запад,Бургерная 24,app,scooter,clear,5.8,18.7,3,38.8,51,3380,delivered,5.0,C106
D100300,2026-02-27 11:35:00,2026-02-27 12:18:43,Юг,Зелёная кухня,partner_api,scooter,clear,2.86,19.1,3,43.7,43,1160,delivered,4.0,C077
D100301,2026-02-28 08:33:00,2026-02-28 08:58:49,Север,Хинкали House,partner_api,car,clear,6.43,10.3,2,25.8,47,1200,delivered,5.0,C009
D100302,2026-02-26 15:07:00,2026-02-26 15:32:43,Север,Sushi Lab,app,car,clear,2.85,19.3,2,25.7,38,960,delivered,,C027
D100303,2026-02-24 08:03:00,2026-02-24 08:28:18,Восток,Бургерная 24,web,bike,rain,0.82,13.3,3,25.3,36,1600,delivered,,C085
D100304,2026-02-28 13:19:00,2026-02-28 14:16:12,Запад,Пекарня №7,web,scooter,clear,12.9,14.2,2,57.2,68,2090,delivered,4.0,C020
D100305,2026-02-21 08:03:00,2026-02-21 09:16:37,Юг,Пекарня №7,web,scooter,rain,8.46,16.8,3,73.6,60,1850,delivered,,C015
D100306,2026-02-21 09:00:00,2026-02-21 09:36:21,Юг,Бургерная 24,legacy_csv,bike,clear,2.9,,4,36.4,40,1760,delivered,5.0,C013
D100307,2026-02-14 19:01:00,2026-02-14 19:36:52,Север,Wok Station,partner_api,bike,clear,4.92,11.2,2,35.9,43,1250,delivered,5.0,C003
D100308,2026-02-05 15:43:00,2026-02-05 16:24:17,Восток,Taco Point,partner_api,bike,clear,6.93,16.7,1,41.3,54,610,delivered,4.0,C013
D100309,2026-02-24 21:06:00,2026-02-24 21:40:24,Центр,Бургерная 24,app,scooter,clear,3.12,21.6,1,34.4,43,1170,delivered,5.0,C057
D100310,2026-02-27 11:00:00,2026-02-27 11:37:32,Центр,Пекарня №7,web,car,rain,2.67,20.6,2,37.5,35,1120,delivered,5.0,C054
D100311,2026-02-06 20:07:00,2026-02-06 21:18:52,Север,Taco Point,partner_api,bike,snow,7.79,18.1,1,71.9,62,780,delivered,,C118
D100312,2026-02-15 10:52:00,2026-02-15 11:05:21,Север,Хинкали House,app,bike,clear,1.6,9.4,2,13.4,35,1890,delivered,,C061
D100313,2026-02-27 15:41:00,2026-02-27 16:03:43,Центр,Пекарня №7,app,bike,clear,1.65,10.6,3,22.7,42,1280,delivered,4.0,C079
D100314,2026-02-01 10:02:00,2026-02-01 11:25:06,Юг,Бургерная 24,app,scooter,snow,9.07,19.1,4,83.1,75,1 380 ₽,delivered,5.0,C030
D100315,2026-02-19 12:16:00,2026-02-19 12:38:04,Запад,Sushi Lab,legacy_csv,bike,clear,1530.0,14.5,2,22.1,35,980,delivered,,C085
D100316,2026-02-24 12:58:00,2026-02-24 13:40:17,Юг,Бургерная 24,partner_api,car,clear,4.03,19.3,3,42.3,47,650,delivered,,C044
D100317,2026-02-22 16:57:00,2026-02-22 17:31:53,Запад,Зелёная кухня,app,car,clear,7.37,11.7,2,34.9,54,1090,delivered,5.0,C080
D100318,2026-02-10 12:15:00,2026-02-10 13:12:45,Юг,Пицца & Ко,app,bike,clear,8.03,17.0,3,57.8,51,620,delivered,3.0,C009
D100319,2026-02-08 09:06:00,2026-02-08 10:09:52,Юг,Wok Station,partner_api,bike,clear,9.23,14.8,3,63.9,58,1200,delivered,5.0,C113
D100320,2026-02-28 09:27:00,2026-02-28 10:00:39,Юг,Wok Station,app,bike,clear,1.05,15.7,3,33.7,35,830,delivered,5.0,C124
D100321,2026-02-07 12:43:00,2026-02-07 13:03:30,Центр,Пекарня №7,app,scooter,clear,2.1,14.6,2,20.5,35,810,delivered,5.0,C015
D100322,2026-02-18 14:07:00,2026-02-18 14:35:33,Центр,Wok Station,app,scooter,rain,1.04,16.1,1,28.6,37,710,delivered,,C136
D100323,2026-02-04 12:52:00,2026-02-04 13:57:10,Восток,Пекарня №7,web,bike,clear,8.81,20.9,1,65.2,56,1180,delivered,5.0,C146
D100324,2026-02-28 08:21:00,2026-02-28 09:26:47,Юг, wok station ,app,scooter,clear,15.85,13.5,1,65.8,83,1560,delivered,,C012
D100325,2026-02-26 10:46:00,2026-02-26 11:07:08,Запад,Хинкали House,app,bike,clear,1.84,11.2,2,21.1,35,1170,delivered,5.0,C130
D100326,2026-02-20 21:41:00,2026-02-20 22:04:00,Центр,Зелёная кухня,web,bike,clear,1.05,11.4,3,23.0,35,1160,delivered,5.0,C038
D100327,2026-02-26 19:26:00,2026-02-26 20:13:16,Центр,Wok Station,app,car,snow,3.45,13.8,1,47.3,58,1450,delivered,,C045
D100328,2026-02-26 11:11:00,2026-02-26 11:53:33,Запад,Taco Point,app,walk,clear,2.63,20.0,2,42.6,36,1380,delivered,5.0,C051
D100329,2026-02-11 09:25:00,2026-02-11 09:45:22,Восток,Sushi Lab,web,bike,clear,0.71,13.4,3,20.4,35,790,delivered,,C111
D100330,2026-02-14 16:52:00,2026-02-14 17:28:29,Север,Taco Point,web,car,clear,1.98,19.2,1,36.5,36,660,delivered,,C147
D100331,2026-02-09 20:49:00,2026-02-09 21:15:30,Север,Пицца & Ко,app,bike,clear,1.77,18.6,1,26.5,35,850, delivered ,4.0,C077
D100332,2026-02-21 18:16:00,2026-02-21 18:34:41,Центр,Зелёная кухня,web,bike,clear,0.86,14.5,1,18.7,36,1860,delivered,5.0,C121
D100333,2026-02-17 11:09:00,2026-02-17 11:40:22,Север,Бургерная 24,app,bike,clear,3.26,16.5,1,31.4,41,1340,delivered,5.0,C081
D100334,2026-02-15 13:10:00,2026-02-15 13:35:41,Юг,Sushi Lab,app,scooter,clear,1.17,16.9,2,25.7,35,670,delivered,5.0,C142
D100335,2026-02-03 14:32:00,2026-02-03 14:48:26,Север,Хинкали House,partner_api,car,rain,0.5,8.2,2,16.4,35,1600,delivered,5.0,C046
D100336,2026-02-17 12:17:00,2026-02-17 13:05:30,Восток,Wok Station,web,scooter,rain,9.13,13.3,1,48.5,62,2360,delivered,5.0,C121
D100337,2026-02-06 16:18:00,2026-02-06 16:57:48,Центр,ЗЕЛЁНАЯ КУХНЯ,app,scooter,clear,5.22,14.9,1,39.8,49,1380,delivered,4.0,C090
D100338,2026-02-08 19:29:00,2026-02-08 20:29:42,Юг,Taco Point,partner_api,car,snow,6.33,22.9,2,60.7,57,1570,delivered,5.0,C126
D100339,2026-02-05 20:02:00,2026-02-05 20:58:12,Восток,Пицца & Ко,app,car,rain,9.88,20.5,2,56.2,64,580,delivered,4.0,C083
D100340,2026-02-18 11:36:00,2026-02-18 11:42:59,Восток,Wok Station,web,scooter,snow,4.75,13.2,1,0.0,54,1200,cancelled,,
D100341,2026-02-17 18:04:00,2026-02-17 18:46:26,Север,SUSHI LAB,app,scooter,clear,4.41,24.9,1,42.4,41,850,delivered,5.0,C021
D100342,2026-02-11 12:59:00,2026-02-11 13:21:15,Север,Пекарня №7,app,bike,clear,2.19,17.2,2,22.3,35,750,delivered,,C064
D100343,2026-02-22 16:48:00,2026-02-22 17:59:38,Центр,Taco Point,app,walk,clear,5.09,29.4,1,71.6,43,1150,delivered,4.0,C004
D100344,2026-02-04 21:57:00,2026-02-04 22:32:50,Центр,Пекарня №7,web,car,rain,2.7,15.2,1,35.8,50,1270,delivered,,C111
D100345,2026-02-03 20:38:00,2026-02-03 20:59:24,Восток,Хинкали House,web,scooter,clear,3.28,6.3,2,21.4,39,720,delivered,4.0,C112
D100346,2026-02-02 16:58:00,2026-02-02 17:37:33,Юг,Taco Point,app,scooter,clear,4.79,15.7,2,39.6,47,620 ₽,delivered,5.0,C031
D100347,2026-02-27 16:47:00,2026-02-27 17:27:43,Юг,Пицца & Ко,partner_api,bike,clear,4.13,19.2,1,40.7,37,1280,delivered,5.0,C104
D100348,2026-02-08 13:51:00,2026-02-08 14:19:58,Юг,Зелёная кухня,app,bike,clear,0.7,15.6,2,29.0,35,690,delivered,5.0,C092
D100349,2026-02-11 20:43:00,2026-02-11 21:47:33,Центр,Хинкали House,app,walk,clear,7.36,13.8,1,64.6,52,880,delivered,,C137
D100350,2026-02-04 14:25:00,2026-02-04 15:09:35,Юг,Пицца & Ко,app,bike,clear,3.66,16.8,3,44.6,39,1470,delivered,5.0,C130
D100351,2026-02-10 15:43:00,2026-02-10 16:34:23,Запад,Taco Point,app,bike,clear,5.29,21.1,1,51.4,45,940,delivered,5.0,C061
D100352,2026-02-12 17:53:00,2026-02-12 18:13:43,Центр,Хинкали House,partner_api,car,clear,-1.87,11.9,1,20.7,35,1140,delivered,5.0,C120
D100353,2026-02-07 18:55:00,2026-02-07 19:21:39,Восток,Зелёная кухня,app,bike,clear,0.61,20.5,2,26.7,35,1070,delivered,,C143
D100354,2026-02-26 09:58:00,2026-02-26 10:40:16,Центр,Пекарня №7,legacy_csv,scooter,snow,1030.0,16.0,1,42.3,45,1230,delivered,4.0,C093
D100355,2026-02-28 09:02:00,2026-02-28 09:28:54,Центр,Sushi Lab,app,car,clear,2.75,20.4,2,26.9,39,2280, delivered ,4.0,C141
D100356,2026-02-22 19:13:00,2026-02-22 19:35:15,Север,Хинкали House,web,scooter,clear,0.89,13.7,2,22.3,35,900,delivered,4.0,C113
D100357,2026-02-21 11:54:00,2026-02-21 12:18:36,Юг,Хинкали House,app,bike,clear,1.36,8.1,3,24.6,35,1570,delivered,,C101
D100358,2026-02-05 16:41:00,2026-02-05 16:58:13,Север,Хинкали House,app,scooter,clear,2.2,9.4,1,17.2,35,1290,delivered,4.0,C101
D100359,2026-02-10 18:13:00,2026-02-10 18:56:22,Север,Пекарня №7,web,scooter,clear,7.44,21.1,3,43.4,62,1560, delivered ,,C043
D100360,2026-02-23 21:41:00,2026-02-23 22:31:21,Север,Бургерная 24,partner_api,scooter,rain,6.89,17.0,4,50.4,60,860 ₽,delivered,5.0,C092
D100361,2026-02-14 17:12:00,2026-02-14 17:45:06,Центр,Зелёная кухня,app,car,clear,2.18,17.9,1,33.1,35,850,delivered,5.0,C023
D100362,2026-02-21 13:28:00,2026-02-21 13:36:24,Восток,Sushi Lab,partner_api,bike,clear,5.02,17.7,2,0.0,43,570,cancelled,,
D100363,2026-02-21 12:57:00,2026-02-21 13:33:41,Центр,Taco Point,app,car,clear,4.25,19.6,2,36.7,42,1120,delivered,,C134
D100364,2026-02-27 11:34:00,2026-02-27 12:27:05,Центр,Taco Point,partner_api,walk,clear,5.08,15.8,1,53.1,40,1040,delivered,,C133
D100365,2026-02-15 16:32:00,2026-02-15 17:09:47,Запад,Пекарня №7,partner_api,car,clear,6.29,19.9,1,37.8,48,2270,delivered,4.0,C114
D100366,2026-02-20 11:20:00,2026-02-20 11:51:49,Юг,Бургерная 24,partner_api,scooter,clear,2.96,20.8,1,1908.0,35,910,delivered,5.0,C104
D100367,2026-02-27 14:23:00,2026-02-27 15:03:54,Восток,Пицца & Ко,app,bike,rain,2.4,25.3,2,40.9,36,1380,delivered,,C135
D100368,2026-02-04 08:57:00,2026-02-04 09:11:02,Юг,Пекарня №7,partner_api,scooter,clear,3.53,,3,0.0,45,920,cancelled,,
D100369,2026-02-22 21:34:00,2026-02-22 22:01:43,Восток,Пицца & Ко,partner_api,car,rain,4.86,15.4,1,27.7,47,1330,delivered,4.0,C080
D100370,2026-02-25 14:51:00,2026-02-25 15:21:52,Восток,Taco Point,app,car,clear,3.57,19.9,1,30.9,38,1740,delivered,,C030
D100371,2026-02-12 21:09:00,2026-02-12 21:27:41,Север,Sushi Lab,app,car,clear,1.74,10.7,1,18.7,35,1060,delivered,4.0,C049
D100372,2026-02-02 17:19:00,2026-02-02 17:42:42,Север,Пекарня №7,app,car,clear,1.51,16.2,1,23.7,35,560,delivered,,C006
D100373,2026-02-25 15:38:00,2026-02-25 15:57:23,Юг,Бургерная 24,app,car,clear,5.46,11.7,4,0.0,45,1520,cancelled,,
D100374,2026-02-18 19:10:00,2026-02-18 19:30:58,Центр,Sushi Lab,partner_api,bike,clear,0.5,15.8,1,21.0,35,530,delivered,4.0,C137
D100375,2026-02-10 09:14:00,2026-02-10 11:33:34,Юг,Пекарня №7,web,bike,snow,15.5,21.2,3,139.6,92,630,delivered,3.0,C062
D100376,2026-02-22 12:35:00,2026-02-22 13:19:12,Восток,Хинкали House,app,walk,clear,4.11,9.8,1,44.2,42,1140,delivered,4.0,C082
D100377,2026-02-24 12:47:00,2026-02-24 13:19:28,Восток ,Sushi Lab,app,scooter,clear,4.79,18.7,3,32.5,50,780,delivered,5.0,C111
D100378,2026-02-28 16:09:00,2026-02-28 16:29:14,Север,Бургерная 24,app,scooter,clear,1.44,16.2,3,20.2,35,1110,delivered,,C122
D100379,2026-02-20 19:36:00,2026-02-20 19:56:51,Центр,ЗЕЛЁНАЯ КУХНЯ,app,bike,clear,1.39,15.6,2,20.9,37,1570,delivered,5.0,C074
D100380,2026-02-07 20:06:00,2026-02-07 20:52:16,Запад,Хинкали House,web,car,rain,6.31,21.6,1,46.3,54,1070,delivered,5.0,C107
D100381,2026-02-21 11:43:00,2026-02-21 12:25:17,Юг,Wok Station,app,car,rain,4.12,17.0,2,42.3,45,1020,delivered,4.0,C021
D100382,2026-02-09 09:09:00,2026-02-09 09:28:59,Запад,Sushi Lab,partner_api,BIKE,clear,1.62,11.8,3,20.0,35,840,delivered,5.0,C126
D100383,2026-02-06 09:51:00,2026-02-06 10:21:40,ЮГ,Пекарня №7,web,bike,clear,2.84,13.4,1,30.7,35,590,delivered,,C021
D100384,2026-02-21 18:43:00,2026-02-21 19:12:06,ВОСТОК,Wok Station,app,bike,clear,2.85,15.4,1,29.1,39,2090,delivered,5.0,C007
D100385,2026-02-10 18:25:00,2026-02-10 19:11:27,Центр,Пицца & Ко,web,scooter,clear,6.74,18.6,2,46.5,52,390,delivered,,C091
D100386,2026-02-05 21:46:00,2026-02-05 22:32:58,Юг,Wok Station,app,bike,clear,5.37,22.9,2,47.0,40,1140,delivered,5.0,C068
D100387,2026-02-24 19:54:00,2026-02-24 20:34:43,Север,Taco Point,app,scooter,clear,7.78,13.1,1,40.7,54,1050,delivered,,C008
D100388,2026-02-28 17:06:00,2026-02-28 17:31:09,Север,Зелёная кухня,app,car,clear,5.2,13.2,2,25.2,48,1440,delivered,5.0,C121
D100389,2026-02-22 21:13:00,2026-02-22 21:44:10,Юг,Бургерная 24,web,scooter,clear,3.85,13.2,2,31.2,39,1230,delivered,5.0,C026
D100390,2026-02-01 18:59:00,2026-02-01 19:34:33,Юг,Пицца & Ко,legacy_csv,bike,rain,2590.0,25.0,1,35.6,43,1480,delivered,,C108
D100391,2026-02-19 12:45:00,2026-02-19 13:30:47,Восток,Taco Point,partner_api,bike,clear,6.63,,2,45.8,50,1330,delivered,,C064
D100392,2026-02-01 10:52:00,2026-02-01 11:38:06,Запад,Бургерная 24,legacy_csv,car,clear,8920.0,19.4,1,46.1,58,740,delivered,5.0,C009
D100393,2026-02-19 11:52:00,2026-02-19 12:10:33,Север,Пекарня №7,partner_api,bike,clear,2.22,12.4,3,18.6,35,650,delivered,5.0,C132
D100394,2026-02-27 15:14:00,2026-02-27 15:34:28,Запад,Wok Station,partner_api,car,clear,1.57,13.5,2,20.5,38,1180,delivered,5.0,C010
D100395,2026-02-18 09:11:00,2026-02-18 09:39:10,Центр,Хинкали House,app,bike,clear,4.53,8.5,2,28.2,45,3710,delivered,,C142
D100396,2026-02-23 17:11:00,2026-02-23 17:34:28,Север,Sushi Lab,app,bike,clear,2.78,10.7,3,23.5,35,1170,delivered,4.0,C060
D100397,2026-02-04 09:07:00,2026-02-04 09:53:09,Север,Wok Station,app,bike,clear,5.73,19.3,2,46.2,52,780,delivered,,C110
D100398,2026-02-15 08:45:00,2026-02-15 09:45:36,Юг,Sushi Lab,partner_api,walk,clear,4.34,11.4,3,60.6,37,860,delivered,,C016
D100399,2026-02-11 21:11:00,2026-02-11 21:41:47,Центр,Бургерная 24,app,car,clear,4.1,13.9,1,30.8,50,970,delivered,5.0,C064
D100400,2026-02-28 16:33:00,2026-02-28 17:04:38,Восток,Бургерная 24,partner_api,bike,clear,4.36,17.4,2,31.6,45,1240,delivered,5.0,C140
D100401,2026-02-09 19:31:00,2026-02-09 20:02:17,Центр,Пицца & Ко,app,bike,clear,1.13,25.3,2,31.3,35,1160,delivered,5.0,C101
D100402,2026-02-20 08:19:00,2026-02-20 08:54:49,Север,Пекарня №7,web,bike,rain,6.63,9.5,1,35.8,59,930,delivered,4.0,C112
D100403,2026-02-19 10:32:00,2026-02-19 10:49:49,Центр,Taco Point,web,car,clear,1.55,10.6,2,17.8,42,730,delivered,5.0,C039
D100404,2026-02-03 16:34:00,2026-02-03 17:29:38,Запад,Пекарня №7,app,bike,snow,4.08,21.1,1,55.6,51,1400,delivered,4.0,C047
D100405,2026-02-09 15:48:00,2026-02-09 16:36:57,Центр,Бургерная 24,app,walk,clear,4.4,12.6,2,49.0,44,1450,delivered,5.0,C085
D100406,2026-02-04 11:25:00,2026-02-04 12:06:38,Центр,Sushi Lab,app,car,snow,2.68,18.1,1,41.6,50,1460,delivered,5.0,C098
D100407,2026-02-13 12:12:00,2026-02-13 12:58:45,Юг,Wok Station,app,scooter,rain,3.24,23.2,2,46.8,53,1280,delivered,5.0,C017
D100408,2026-02-20 19:10:00,2026-02-20 19:35:26,Центр,Бургерная 24,legacy_csv,car,rain,1.28,15.1,1,25.4,37,1370,delivered,5.0,C045
D100409,2026-02-11 18:39:00,2026-02-11 19:34:03,Запад,Taco Point,web,walk,snow,1.57,22.2,2,55.1,44,350,delivered,,C032
D100410,2026-02-09 08:07:00,2026-02-09 08:26:01,Запад,Wok Station,app,bike,clear,2.36,13.0,1,19.0,35,610,delivered,5.0,C076
D100411,2026-02-25 18:12:00,2026-02-25 18:58:04,Юг,Бургерная 24,app,walk,snow,1.24,12.6,2,46.1,40,1070,delivered,5.0,C080
D100412,2026-02-22 12:09:00,2026-02-22 12:40:59,Север,Sushi Lab,app,bike,clear,3.45,16.4,1,32.0,36,980,delivered,,unknown
D100413,2026-02-11 11:59:00,2026-02-11 12:33:40,Юг,Taco Point,app,car,clear,3.24,17.1,1,34.7,42,1350,delivered,,C140
D100414,2026-02-07 18:41:00,2026-02-07 18:49:50,Центр,Зелёная кухня,app,car,snow,2.78,17.5,1,0.0,49,1190,cancelled,,
D100415,2026-02-14 15:24:00,2026-02-14 15:57:46,Восток,Бургерная 24,legacy_csv,car,rain,6460.0,10.6,1,33.8,53,1310,delivered,4.0,C082
D100416,2026-02-24 15:17:00,2026-02-24 16:00:41,Юг,Хинкали House,web,walk,rain,3.11,5.4,2,43.7,42,1990,delivered,5.0,C129
D100417,2026-02-20 12:14:00,2026-02-20 12:49:11,Центр,Sushi Lab,app,bike,clear,1.11,20.5,2,35.2,37,2070,delivered,5.0,C092
D100418,2026-02-06 17:53:00,2026-02-06 18:13:19,Восток,Зелёная кухня,partner_api,car,rain,3.05,7.1,1,20.3,40,630,delivered,4.0,C115
D100419,2026-02-22 11:04:00,2026-02-22 11:31:26,Запад,Зелёная кухня,app,scooter,rain,0.98,13.3,3,27.4,35,1290,delivered,5.0,C086
D100420,2026-02-22 15:04:00,2026-02-22 15:57:00,Восток,Taco Point,partner_api,car,rain,9.43,13.7,3,53.0,67,1120,delivered,,C147
D100421,2026-02-19 19:19:00,2026-02-19 19:32:46,Центр,Хинкали House,partner_api,SCOOTER,clear,2.03,5.3,1,13.8,35,1080,delivered,,C108
D100422,2026-02-21 19:01:00,2026-02-21 19:53:35,Запад,Зелёная кухня,app,scooter,clear,8.06,17.7,4,52.6,58,1370,delivered,5.0,C028
D100423,2026-02-13 17:47:00,2026-02-13 18:00:31,Центр,Бургерная 24,web,walk,clear,4.34,13.0,2,0.0,48,1690,cancelled,,
D100424,2026-02-20 17:39:00,2026-02-20 17:59:06,Запад,Хинкали House,app,scooter,clear,2.05,8.1,1,20.1,35,770,delivered,4.0,C062
D100425,2026-02-16 12:08:00,2026-02-16 12:47:29,Юг,Wok Station,legacy_csv,scooter,clear,5160.0,14.1,2,39.5,42,1990,delivered,4.0,C024
D100426,2026-02-27 09:33:00,2026-02-27 10:11:43,Юг,Пицца & Ко,app,car,clear,1.48,27.0,2,38.7,35,1170,delivered,5.0,C043
D100427,2026-02-04 12:54:00,2026-02-04 13:13:55,Центр,Wok Station,app,car,clear,0.92,15.9,1,19.9,39,590,delivered,,C061
D100428,2026-02-11 11:09:00,2026-02-11 11:42:22,Север,Пицца & Ко,partner_api,car,clear,1.93,25.7,1,33.4,35,1250,delivered,4.0,C041
D100429,2026-02-20 20:55:00,2026-02-20 21:32:47,Юг,Бургерная 24,web,car,clear,5.54,11.3,2,37.8,50,720,delivered,5.0,C005
D100430,2026-02-03 11:06:00,2026-02-03 11:48:34,Восток,Зелёная кухня,app,bike,snow,3.15,13.1,3,42.6,47,1340,delivered,5.0,C024
D100431,2026-02-16 08:28:00,2026-02-16 08:50:58,Север,Taco Point,app,bike,clear,1.04,18.1,2,23.0,35,970,delivered,5.0,C026
D100432,2026-02-02 16:27:00,2026-02-02 16:43:13,Юг,Хинкали House,app,bike,rain,3.53,9.8,3,0.0,45,1000,cancelled,,
D100433,2026-02-14 11:55:00,2026-02-14 12:29:11,Север,Пицца & Ко,app,scooter,clear,3.79,19.4,1,34.2,36,770,delivered,4.0,C138
D100434,2026-02-21 14:28:00,2026-02-21 15:13:47,Запад,Пекарня №7,partner_api,walk,clear,2.47,19.1,2,45.8,35,740,delivered,4.0,C115
D100435,2026-02-11 18:23:00,2026-02-11 19:18:24,Восток,Wok Station,app,car,clear,10.77,15.7,2,55.4,65,1350,delivered,4.0,C053
D100436,2026-02-05 21:11:00,2026-02-05 21:54:29,Север,Пицца & Ко,app,bike,rain,2.07,21.7,2,43.5,41,860,delivered,5.0,C002
D100437,2026-02-24 14:31:00,2026-02-24 14:52:34,Запад,Пекарня №7,app,car,rain,0.75,16.3,2,21.6,35,620,delivered,5.0,C088
D100438,2026-02-03 08:04:00,2026-02-03 08:29:44,Запад,Sushi Lab,partner_api,scooter,clear,1.84,19.2,1,1542.0,35,790,delivered,5.0,C120
D100439,2026-02-11 20:44:00,2026-02-11 21:27:13,Центр,Пицца & Ко,app,scooter,clear,1.46,,1,43.2,36,900,delivered,,C037
D100440,2026-02-03 09:14:00,2026-02-03 09:39:09,Запад,Пицца & Ко,app,car,clear,0.93,21.2,2,25.2,35,1570,delivered,5.0,C049
D100441,2026-02-12 08:01:00,2026-02-12 08:54:21,Юг ,Wok Station,app,car,clear,13.55,15.8,1,53.4,68,1410,delivered,5.0,C028
D100442,2026-02-09 18:48:00,2026-02-09 19:38:32,Юг,Хинкали House,web,car,rain,5.98,13.0,3,50.5,54,950,delivered,5.0,C035
D100443,2026-02-08 11:36:00,2026-02-08 12:37:36,Запад ,Taco Point,app,scooter,snow,7.23,14.6,2,61.6,64,1050,delivered,5.0,C075
D100444,2026-02-19 09:57:00,2026-02-19 10:13:32,Запад,Бургерная 24,app,walk,snow,4.47,16.9,3,0.0,49,750,cancelled,,
D100445,2026-02-09 16:24:00,2026-02-09 18:03:07,Восток,Пицца & Ко,web,walk,clear,10.14,22.4,2,99.1,69,720,delivered,4.0,C130
D100446,2026-02-17 16:11:00,2026-02-17 16:56:12,Юг,Пицца & Ко,web,scooter,rain,-2.46,21.9,3,45.2,50,1190,delivered,,C009
D100447,2026-02-12 19:02:00,2026-02-12 20:31:20,Юг,Wok Station,app,walk,snow,0.54,11.1,2,89.3,44,390 ₽,delivered,4.0,C050
D100448,2026-02-28 19:45:00,2026-02-28 20:16:43,Восток,Хинкали House,partner_api,walk,rain,1.03,14.6,1,31.7,35,520,delivered,5.0,C149
D100449,2026-02-02 08:08:00,2026-02-02 08:36:28,Центр,Зелёная кухня,partner_api,bike,clear,1.47,18.4,2,28.5,36,430,delivered,5.0,C023
D100450,2026-02-09 14:50:00,2026-02-09 15:40:28,Север,Пицца & Ко,app,bike,clear,7.61,19.6,2,50.5,53,1470,delivered,4.0,C036
D100451,2026-02-15 09:30:00,2026-02-15 09:56:29,Восток,Sushi Lab,app,scooter,clear,2.43,18.5,3,26.5,39,760,delivered,4.0,C056
D100452,2026-02-19 16:48:00,2026-02-19 17:54:42,Юг,Пицца & Ко,web,car,snow,4.68,22.3,4,66.7,54,1360,delivered,5.0,C076
D100453,2026-02-22 18:43:00,2026-02-22 19:03:18,Север,Taco Point,app,car,clear,1.55,15.6,3,20.3,35,1210,delivered,,C103
D100454,2026-02-03 12:47:00,2026-02-03 13:14:17,Восток,Хинкали House,partner_api,bike,clear,5.4,6.6,1,27.3,46,630,delivered,5.0,C147
D100455,2026-02-15 19:10:00,2026-02-15 19:35:27,Север,Бургерная 24,app,car,clear,1.1,18.2,3,25.5,35,1330,delivered,5.0,unknown
D100456,2026-02-15 09:05:00,2026-02-15 09:44:10,Север,Пицца & Ко,web,bike,clear,2.63,26.4,1,39.2,35,920,delivered,3.0,C038
D100457,2026-02-06 18:40:00,2026-02-06 19:53:03,Юг,Зелёная кухня,app,walk,clear,"4,33",22.6,4,73.1,43,1460,delivered,4.0,C088
D100458,2026-02-02 10:56:00,2026-02-02 12:07:18,Север,Wok Station,app,scooter,rain,9.94,26.6,3,71.3,62,960,delivered,4.0,C063
D100459,2026-02-14 09:32:00,2026-02-14 10:21:48,Центр,Пицца & Ко,app,bike,clear,6.04,22.0,1,49.8,62,1410,delivered,4.0,C144
D100460,2026-02-03 08:16:00,2026-02-03 08:46:28,Запад,Зелёная кухня,partner_api, scooter ,clear,4.78,13.0,1,30.5,44,1850,delivered,5.0,C068
D100461,2026-02-19 16:32:00,2026-02-19 16:41:41,Восток,Зелёная кухня,partner_api,car,snow,4.27,19.2,2,0.0,51,950,CANCELLED,,
D100462,2026-02-01 20:22:00,2026-02-01 21:08:33,Юг,WOK STATION,web,bike,rain,4.88,18.0,1,46.6,41,1400,delivered,5.0,C003
D100463,2026-02-21 13:53:00,2026-02-21 14:16:47,Центр,Пицца & Ко,app,car,clear,0.6,19.8,1,23.8,35,1520,delivered,,C108
D100464,2026-02-20 09:25:00,2026-02-20 10:23:00,Восток,Пекарня №7,app,scooter,rain,8.98,15.9,2,58.0,62,680,delivered,5.0,C089
D100465,2026-02-01 19:35:00,2026-02-01 20:21:11,Юг,Wok Station,legacy_csv,scooter,clear,4.65,17.2,2,46.2,43,1100,delivered,5.0,C106
D100466,2026-02-27 16:25:00,2026-02-27 17:14:03,Юг,Зелёная кухня,legacy_csv,scooter,rain,3.09,,4,49.1,43,880,delivered,5.0,C075
D100467,2026-02-15 12:53:00,2026-02-15 13:50:48,Запад,Пицца & Ко,web,scooter,clear,10.89,22.7,2,57.8,64,1000,delivered,5.0,C075
D100468,2026-02-17 10:56:00,2026-02-17 11:28:57,Запад, пекарня №7 ,web,scooter,rain,2.61,15.6,2,33.0,53,1210,delivered,5.0,C062
D100469,2026-02-05 12:17:00,2026-02-05 12:58:40,Юг,Хинкали House,legacy_csv,bike,clear,4.54,12.2,2,41.7,35,1920,delivered,4.0,C099
D100470,2026-02-13 11:56:00,2026-02-13 12:10:18,Юг,Зелёная кухня,partner_api,car,clear,4.32,21.1,2,0.0,36,1360,cancelled,,
D100471,2026-02-19 08:04:00,2026-02-19 08:17:45,Юг,Sushi Lab,partner_api,walk,clear,7.75,15.9,2,0.0,55,740,cancelled,,
D100472,2026-02-05 16:35:00,2026-02-05 17:05:46,Север,Пекарня №7,app,car,clear,4.72,16.4,1,30.8,43,1040,delivered,4.0,C006
D100473,2026-02-21 21:50:00,2026-02-21 22:24:33,Север,Зелёная кухня,app,car,rain,1.44,24.2,1,34.6,35,700,delivered,,C063
D100474,2026-02-05 17:13:00,2026-02-05 17:33:48,Центр,Зелёная кухня,app,bike,clear,1.73,15.8,2,20.8,41,430,delivered,,C073
D100475,2026-02-04 17:50:00,2026-02-04 18:31:46,Центр,Зелёная кухня,web,bike,rain,3.71,17.1,1,41.8,51,1840,delivered,5.0,C122
D100476,2026-02-06 16:07:00,2026-02-06 17:28:28,Юг,Sushi Lab,app,walk,clear,7.09,18.9,2,81.5,55,750,delivered,4.0,C079
D100477,2026-02-14 13:15:00,2026-02-14 13:41:25,Центр,Хинкали House,app,scooter,rain,1.75,7.1,1,26.4,40,1540,delivered,4.0,C105
D100478,2026-02-28 09:15:00,2026-02-28 10:54:23,Север,Хинкали House,app,car,snow,"1,61",8.3,3,99.4,43,2270,delivered,,C089
D100479,2026-02-11 09:14:00,2026-02-11 10:07:17,Юг,Wok Station,web,walk,clear,3.94,13.5,2,53.3,46,1980,delivered,5.0,C096
D100480,2026-02-27 16:11:00,2026-02-27 17:24:00,Юг,Wok Station,web,walk,clear,4.71,21.3,3,73.0,47,910,delivered,4.0,C037
D100481,2026-02-19 11:33:00,2026-02-19 11:55:28,Юг,Хинкали House,app,CAR,rain,0.95,4.3,2,22.5,35,1230,delivered,,C103
D100482,2026-02-03 10:13:00,2026-02-03 11:04:58,Юг,Бургерная 24,partner_api,bike,rain,5.72,10.2,2,52.0,51,490,delivered,5.0,C064
D100483,2026-02-28 17:15:00,2026-02-28 17:50:16,Юг,Sushi Lab,app,bike,clear,2.78,10.9,3,35.3,37,1080,delivered,4.0,C130
D100484,2026-02-23 16:31:00,2026-02-23 17:02:57,Центр,Пекарня №7,app,car,rain,"4,13",13.7,1,32.0,52,1890,delivered,5.0,C145
D100485,2026-02-18 16:58:00,2026-02-18 17:38:16,Север,Sushi Lab,partner_api,scooter,snow,5.47,10.5,1,40.3,55,830,delivered,5.0,C024
D100486,2026-02-19 16:49:00,2026-02-19 17:20:26,Запад,Хинкали House,partner_api,car,clear,1.84,16.4,2,31.4,35,740,delivered,,C037
D100487,2026-02-10 14:09:00,2026-02-10 14:31:57,Запад,Хинкали House,web,car,clear,4.34,10.9,1,23.0,45,1220,delivered,,C010
D100488,2026-02-12 08:48:00,2026-02-12 09:23:07,Север,Пекарня №7,partner_api,bike,rain,4.59,9.6,2,35.1,40,1730,delivered,5.0,C013
D100489,2026-02-18 15:05:00,2026-02-18 15:27:50,Центр,Пицца & Ко,web,walk,clear,0.95,18.5,3,0.0,35,730,cancelled,,
D100490,2026-02-15 10:13:00,2026-02-15 10:20:21,Юг,Хинкали House,app,car,rain,2.11,4.9,2,0.0,44,1610,cancelled,,
D100491,2026-02-24 09:41:00,2026-02-24 10:08:04,Юг,Taco Point,app,scooter,clear,1.41,18.6,1,27.1,35,750,delivered,5.0,C124
D100492,2026-02-12 16:55:00,2026-02-12 17:48:53,Юг,Taco Point,web,bike,clear,5.88,20.5,2,53.9,56,1300,delivered,5.0,C036
D100493,2026-02-14 15:03:00,2026-02-14 15:27:54,Запад,Пекарня №7,app,scooter,clear,2.29,14.3,1,24.9,35,1560,delivered,,C133
D100494,2026-02-18 17:23:00,2026-02-18 17:47:51,Юг,Wok Station,partner_api,walk,snow,10.48,14.9,4,0.0,70,1140,cancelled,,
D100495,2026-02-02 10:52:00,2026-02-02 11:16:36,Восток,Пицца & Ко,partner_api,car,clear,0.75,20.6,4,24.6,35,1060,delivered,,C010
D100496,2026-02-15 17:38:00,2026-02-15 18:10:36,Центр,Пекарня №7,partner_api,scooter,clear,4.1,18.7,2,1956.0,46,1960,delivered,,C033
D100497,2026-02-18 12:21:00,2026-02-18 13:10:30,Юг,Taco Point,app,scooter,clear,3.4,22.6,4,49.5,38,1220,delivered,,C005
D100498,2026-02-09 15:50:00,2026-02-09 16:13:26,Центр,Хинкали House,app,walk,clear,1.18,17.0,2,23.4,35,1000,delivered,4.0,C138
D100499,2026-02-03 17:20:00,2026-02-03 17:59:29,Центр,Пицца & Ко,partner_api,walk,clear,1.97,21.3,1,39.5,35,440,delivered,4.0,C010
D100500,2026-02-23 17:34:00,2026-02-23 18:16:41,Запад,Хинкали House,app,car,clear,13.26,7.1,1,42.7,84,870,delivered,5.0,C133
D100501,2026-02-08 16:13:00,2026-02-08 17:02:19,Центр,Sushi Lab,app,bike,snow,2.09,17.9,2,49.3,45,500,delivered,3.0,C067
D100502,2026-02-10 12:38:00,2026-02-10 13:07:22,Центр,Зелёная кухня,web,scooter,clear,1.54,20.0,1,29.4,39,840,delivered,,C030
D100503,2026-02-05 18:01:00,2026-02-05 18:28:47,Запад,Пекарня №7,app,car,clear,3.79,11.2,2,27.8,46,820,delivered,5.0,C069
D100504,2026-02-06 08:58:00,2026-02-06 09:21:28,Запад,Taco Point,web,scooter,clear,0.74,17.5,4,23.5,36,2410, delivered ,4.0,C098
D100505,2026-02-24 10:12:00,2026-02-24 10:41:08,Центр,Бургерная 24,app,BIKE,clear,2.88,13.8,2,29.1,35,870,delivered,4.0,C011
D100506,2026-02-14 12:11:00,2026-02-14 12:28:15,Юг,Бургерная 24,partner_api,bike,rain,3.82,21.3,3,0.0,51,1000,cancelled,,
D100507,2026-02-12 20:22:00,2026-02-12 20:55:29,Юг,Taco Point,app,scooter,clear,3.09,15.9,2,33.5,41,1780,delivered,4.0,C131
D100508,2026-02-08 17:32:00,2026-02-08 18:57:45,Север,Зелёная кухня,app,walk,clear,8.16,17.3,3,85.8,43,2320,delivered,4.0,C011
D100509,2026-02-27 20:13:00,2026-02-27 21:04:46,Запад,Бургерная 24,app,bike,rain,"10,91",5.8,1,51.8,67,610,delivered,5.0,C146
D100510,2026-02-14 15:16:00,2026-02-14 15:57:30,Север,Пекарня №7,legacy_csv,bike,clear,5.89,,1,41.5,48,980,delivered,4.0,C050
D100511,2026-02-21 15:07:00,2026-02-21 15:37:06,Запад,Хинкали House,partner_api,car,clear,5.48,9.3,2,30.1,46,1710,delivered,,C001
D100512,2026-02-02 20:22:00,2026-02-02 21:00:08,Центр,Хинкали House,app,car,clear,5.32,9.8,1,38.1,46,850,delivered,5.0,C134
D100513,2026-02-26 13:50:00,2026-02-26 14:30:44,Север,Пицца & Ко,app,car,clear,6.62,25.1,1,40.7,50,490,delivered,5.0,C132
D100514,2026-02-15 19:36:00,2026-02-15 20:13:05,Запад,Taco Point,app,car,clear,4.66,24.6,3,37.1,46,1710,delivered,4.0,C005
D100515,2026-02-11 19:30:00,2026-02-11 20:24:16,Север,Пицца & Ко,web,bike,clear,6.1,22.5,2,54.3,48,810,delivered,4.0,-
D100516,2026-02-10 18:01:00,2026-02-10 18:38:03,Запад,Зелёная кухня,app,scooter,clear,5.42,13.4,1,37.1,42,750,delivered,5.0,C079
D100517,2026-02-21 14:46:00,2026-02-21 15:06:01,Восток,Wok Station,app,car,clear,1.29,11.3,2,20.0,36,1550,delivered,,C101
D100518,2026-02-01 15:06:00,2026-02-01 15:54:00,Запад,Пицца & Ко,app,car,clear,4.78,32.1,2,48.0,49,1480,delivered,,C052
D100519,2026-02-20 12:45:00,2026-02-20 13:37:29,Восток,Пицца & Ко,app,car,rain,6.88,21.5,1,52.5,65,710,delivered,5.0,C128
D100520,2026-02-12 09:56:00,2026-02-12 10:10:48,Юг,Пицца & Ко,app,walk,clear,6.71,20.7,3,0.0,51,690,cancelled,,
D100521,2026-02-18 14:19:00,2026-02-18 15:10:28,Юг,Бургерная 24,partner_api,scooter,rain,6.3,13.0,3,51.5,54,890,delivered,5.0,C011
D100522,2026-02-17 13:56:00,2026-02-17 14:36:59,Юг,Пицца & Ко,app,scooter,clear,2.72,19.0,3,41.0,35,800,delivered,,C118
D100523,2026-02-13 11:15:00,2026-02-13 12:48:57,Запад,Хинкали House,app,scooter,snow,3.11,13.9,4,94.0,50,1860,delivered,3.0,C058
D100524,2026-02-13 09:56:00,2026-02-13 10:16:17,Восток,Пекарня №7,partner_api,bike,clear,0.81,16.3,1,20.3,35,870,delivered,,C039
D100525,2026-02-21 20:43:00,2026-02-21 21:27:44,Север,SUSHI LAB,legacy_csv,bike,rain,2.99,21.7,3,44.7,43,520,delivered,4.0,C091
D100526,2026-02-22 17:48:00,2026-02-22 18:26:54,Центр,Taco Point,app,car,rain,4.09,18.9,1,38.9,41,1130,delivered,5.0,C110
D100527,2026-02-21 19:19:00,2026-02-21 19:27:01,Север,Sushi Lab,app,car,clear,4.8,16.0,3,0.0,43,890,cancelled,,
D100528,2026-02-01 13:54:00,2026-02-01 14:23:27,Центр,Taco Point,partner_api,bike,clear,1.35,16.8,1,29.5,35,680 ₽,delivered,5.0,C128
D100529,2026-02-06 21:59:00,2026-02-06 22:34:30,Юг,Бургерная 24,app,scooter,rain,4.78,4.8,3,35.5,38,1520,delivered,5.0,C109
D100530,2026-02-11 08:09:00,2026-02-11 08:55:12,Центр,Пицца & Ко,app,car,rain,2.71,26.6,1,46.2,40,590,DELIVERED,5.0,C055
D100531,2026-02-10 20:45:00,2026-02-10 21:44:25,Запад,Хинкали House,web,scooter,snow,10.69,9.8,2,59.4,72,940,delivered,5.0,C061
D100532,2026-02-04 12:42:00,2026-02-04 13:53:29,Юг,Wok Station,app,car,snow,11.59,16.2,3,71.5,73,1080,delivered,,C132
D100533,2026-02-17 21:14:00,2026-02-17 21:34:34,Север,Бургерная 24,web,car,rain,2.28,11.8,2,20.6,38,1110,delivered,5.0,C148
D100534,2026-02-17 12:10:00,2026-02-17 12:52:32,Восток,Бургерная 24,app,bike,snow,3.4,15.4,1,42.5,53,1090,delivered,4.0,C002
D100535,2026-02-07 13:12:00,2026-02-07 13:27:07,Восток,Хинкали House,app,BIKE,clear,2.7,5.0,2,15.1,41,790,delivered,5.0,C129
D100536,2026-02-21 12:09:00,2026-02-21 12:34:18,Центр,Хинкали House,app,bike,clear,0.51,16.6,1,25.3,36,1270,delivered,5.0,C129
D100537,2026-02-09 10:59:00,2026-02-09 11:26:12,Восток,Зелёная кухня,app,walk,clear,1.24,16.6,2,27.2,35,780,delivered,,C015
D100538,2026-02-09 12:20:00,2026-02-09 12:42:55,Восток,Хинкали House,app,bike,clear,3.63,,2,22.9,35,880,delivered,5.0,C121
D100539,2026-02-27 14:19:00,2026-02-27 15:17:23,Восток,Пекарня №7,app,bike,clear,9.8,17.0,1,58.4,59,1560,delivered,5.0,C026
D100540,2026-02-12 19:40:00,2026-02-12 20:14:54,север,Зелёная кухня,app,scooter,clear,5.24,20.9,1,34.9,43,690,delivered,4.0,C003
D100541,2026-02-06 08:22:00,2026-02-06 08:51:14,Север,Пекарня №7,app,scooter,clear,3.14,16.9,2,29.2,41,2530,delivered,5.0,-
D100542,2026-02-05 15:49:00,2026-02-05 16:08:05,Центр,Sushi Lab,partner_api,bike,clear,0.5,15.1,1,19.1,35,1510,delivered,4.0,C075
D100543,2026-02-14 08:31:00,2026-02-14 08:59:17,Центр,Taco Point,app,scooter,clear,0.78,21.3,3,28.3,36,790,delivered,4.0,C112
D100544,2026-02-14 19:09:00,2026-02-14 19:39:14,Юг,Taco Point,app,car,clear,2.81,26.2,1,30.2,35,1470,delivered,4.0,C069
D100545,2026-02-13 08:19:00,2026-02-13 08:59:24,Центр,Wok Station,web,car,snow,1.21,15.0,2,40.4,36,870,delivered,3.0,C006
D100546,2026-02-24 14:25:00,2026-02-24 15:11:20,Север,Taco Point,legacy_csv,car,rain,8.59,,2,46.3,61,1040,delivered,5.0,C142
D100547,2026-02-01 19:58:00,2026-02-01 20:07:07,Запад,Хинкали House,app,scooter,clear,0.5,4.3,2,9.1,35,580,delivered,,C023
D100548,2026-02-20 13:43:00,2026-02-20 14:21:58,Восток,Хинкали House,app,scooter,rain,4.0,20.2,2,39.0,45,1210,delivered,5.0,C127
D100549,2026-02-13 19:50:00,2026-02-13 20:20:15,Юг,Пекарня №7,partner_api,bike,clear,3.11,20.4,1,30.3,35,1000,delivered,,C073
D100550,2026-02-06 15:04:00,2026-02-06 15:42:14,Север,Taco Point,app,scooter,clear,3.44,19.0,1,38.2,35,790,delivered,5.0,C023
D100551,2026-02-09 14:50:00,2026-02-09 15:23:33,Запад,Taco Point,app,car,clear,3.23,14.8,3,33.6,41,1550,delivered,5.0,C054
D100552,2026-02-07 10:39:00,2026-02-07 10:47:48,Юг,Бургерная 24,app,scooter,clear,6.28,9.5,2,0.0,60,2790,cancelled,,
D100553,2026-02-07 17:36:00,2026-02-07 18:12:45,Север,Wok Station,partner_api,bike,clear,2.54,27.6,1,36.8,35,1610,delivered,4.0,C048
D100554,2026-02-04 12:57:00,2026-02-04 13:23:47,Центр,Хинкали House,app,bike,rain,0.95,4.0,1,26.8,38,1920,DELIVERED,4.0,C039
D100555,2026-02-04 21:43:00,2026-02-04 22:12:53,Центр,Зелёная кухня,app,scooter,clear,1.15,13.3,1,29.9,35,1850,delivered,5.0,C097
D100556,2026-02-15 09:19:00,2026-02-15 09:50:15,Восток,Пекарня №7,app,car,clear,1.03,17.4,2,31.3,35,3030,delivered,5.0,C031
D100557,2026-02-20 15:59:00,2026-02-20 16:57:26,Восток,Хинкали House,web,walk,rain,4.79,7.8,4,58.4,49,1350,delivered,4.0,C127
D100558,2026-02-13 20:17:00,2026-02-13 21:05:22,Запад,Пекарня №7,app,bike,rain,"6,42",16.5,1,48.4,52,2200,delivered,,C144
D100559,2026-02-12 20:59:00,2026-02-12 21:42:55,Центр,Пицца & Ко,partner_api,bike,clear,4.05,23.0,3,43.9,45,650,delivered,5.0,C059
D100560,2026-02-16 13:25:00,2026-02-16 13:48:36,Юг,Бургерная 24,app,scooter,clear,0.8,11.8,3,23.6,35,1210,delivered,5.0,C022
D100561,2026-02-07 10:16:00,2026-02-07 10:48:24,Восток,Зелёная кухня,app,bike,clear,3.72,15.9,2,32.4,52,1200,delivered,,C010
D100562,2026-02-27 15:45:00,2026-02-27 16:27:42,Запад,Зелёная кухня,app,bike,clear,5.59,17.0,3,42.7,45,2440,delivered,,C038
D100563,2026-02-06 15:00:00,2026-02-06 15:58:28,Юг,Sushi Lab,partner_api,scooter,rain,6.51,13.4,4,58.5,52,400,delivered,5.0,C074
D100564,2026-02-14 08:44:00,2026-02-14 09:12:44,Север,Пицца & Ко,app,scooter,clear,2.21,17.3,4,28.7,37,1900,delivered,,C058
D100565,2026-02-22 20:27:00,2026-02-22 22:27:31,Юг,Пицца & Ко,legacy_csv,car,snow,7.96,29.1,2,120.5,68,1460,delivered,2.0,C140
D100566,2026-02-22 16:18:00,2026-02-22 16:37:19,Юг,Зелёная кухня,partner_api,bike,clear,10.15,16.1,2,0.0,65,880,cancelled,,
D100567,2026-02-03 09:42:00,2026-02-03 10:17:18,Центр,Бургерная 24,app,bike,clear,1.21,16.5,1,35.3,35,1 330 ₽,delivered,4.0,C146
D100568,2026-02-12 15:38:00,2026-02-12 16:01:13,Север,Хинкали House,partner_api,car,clear,2.85,12.9,2,23.2,37,710,delivered,,C044
D100569,2026-02-28 18:30:00,2026-02-28 18:54:36,Восток,Зелёная кухня,app,car,clear,0.75,20.6,2,24.6,35,1010,delivered,5.0,C010
D100570,2026-02-02 17:47:00,2026-02-02 18:17:05,Центр,Зелёная кухня,app,bike,clear,0.5,17.4,1,30.1,35,1250,delivered,5.0,C146
D100571,2026-02-05 10:53:00,2026-02-05 11:49:07,Центр,Пицца & Ко,app,bike,clear,8.99,18.3,1,56.1,70,1280,delivered,5.0,C001
D100572,2026-02-09 11:30:00,2026-02-09 12:09:07,Запад,Пицца & Ко,web,scooter,rain,0.83,26.1,1,39.1,35,1010,delivered,,C117
D100573,2026-02-28 12:46:00,2026-02-28 13:55:50,Запад,Зелёная кухня,legacy_csv,walk,clear,6.86,15.1,1,69.8,53,1280,delivered,4.0,C133
D100574,2026-02-22 21:36:00,2026-02-22 22:36:12,Центр,Пицца & Ко,web,scooter,snow,4.81,20.1,1,60.2,55,1710,delivered,4.0,C016
D100575,2026-02-19 12:19:00,2026-02-19 12:58:24,Юг,Пицца & Ко,web,scooter,rain,2.51,22.9,1,39.4,41,1240,delivered,,C054
D100576,2026-02-09 08:57:00,2026-02-09 09:25:12,Восток,Зелёная кухня,app,scooter,clear,3.89,21.5,4,28.2,40,1090,delivered,,C007
D100577,2026-02-15 15:09:00,2026-02-15 15:37:00,Запад,Бургерная 24,partner_api,car,clear,2.29,14.5,1,28.0,37,2160,delivered,5.0,C105
D100578,2026-02-06 19:50:00,2026-02-06 20:20:09,Север,Sushi Lab,partner_api,scooter,rain,0.84,16.9,1,30.2,35,2450,delivered,5.0,C125
D100579,2026-02-16 16:09:00,2026-02-16 16:59:59,Восток,Wok Station,app,scooter,clear,7.73,21.6,1,51.0,49,700,delivered,,C122
D100580,2026-02-20 09:02:00,2026-02-20 09:31:40,Запад,Пекарня №7,app,bike,rain,0.73,19.7,1,29.7,40,520,delivered,5.0,C047
D100581,2026-02-10 17:48:00,2026-02-10 18:38:04,Восток,Пицца & Ко,web,bike,clear,7.24,18.7,1,50.1,50,1680,delivered,5.0,C075
D100582,2026-02-17 20:36:00,2026-02-17 21:37:31,Юг,Wok Station,partner_api,bike,clear,6.96,19.6,2,61.5,50,720,delivered,5.0,C027
D100583,2026-02-14 18:06:00,2026-02-14 19:45:15,Восток,Зелёная кухня,web,walk,clear,11.01,21.2,1,99.3,66,750,delivered,5.0,C066
D100584,2026-02-21 11:43:00,2026-02-21 12:28:33,Север,Хинкали House,partner_api,scooter,snow,2.86,18.0,1,45.6,45,940,delivered,,C038
D100585,2026-02-24 08:39:00,2026-02-24 09:13:00,Восток,Пекарня №7,app,car,clear,5.8,14.1,4,34.0,49,1030,delivered,5.0,C033
D100586,2026-02-20 11:32:00,2026-02-20 12:38:16,Юг,Taco Point,legacy_csv,scooter,rain,6.88,23.9,3,66.3,54,1230,delivered,,C076
D100587,2026-02-15 20:51:00,2026-02-15 21:14:33,Юг,Хинкали House,web,car,clear,8.82,11.3,3,0.0,50,400,cancelled,,
D100588,2026-02-28 11:30:00,2026-02-28 12:23:21,Юг,ПИЦЦА & КО,app,car,snow,5.3,20.9,2,53.4,57,780,delivered,5.0,C144
D100589,2026-02-12 16:09:00,2026-02-12 16:28:12,Восток,Хинкали House,app,scooter,clear,2.82,8.3,1,19.2,38,660,delivered,5.0,C127
D100590,2026-02-23 12:48:00,2026-02-23 13:23:53,Юг,Бургерная 24,partner_api,car,clear,5.88,12.3,3,35.9,46,1440,delivered,5.0,C008
D100591,2026-02-13 16:13:00,2026-02-13 16:44:40,Север,Пекарня №7,app,scooter,clear,3.65,12.2,1,31.7,35,1110,delivered,5.0,C004
D100592,2026-02-02 11:57:00,2026-02-02 12:11:57,Север,Пекарня №7,legacy_csv,bike,clear,2010.0,11.0,1,15.0,35,890,delivered,4.0,C003
D100593,2026-02-26 20:29:00,2026-02-26 20:50:18,Восток,Пицца & Ко,partner_api,scooter,rain,1.76,17.1,3,1278.0,36,1130,delivered,,C070
D100594,2026-02-05 12:37:00,2026-02-05 13:06:15,Запад,Пицца & Ко,legacy_csv,scooter,clear,1.91,19.0,3,29.3,35,1400,delivered,5.0,C006
D100595,2026-02-03 18:11:00,2026-02-03 18:32:30,Юг,Бургерная 24,web,walk,clear,4.03,19.5,4,0.0,46,1780,cancelled,,
D100596,2026-02-09 18:25:00,2026-02-09 18:55:07,Восток,Зелёная кухня,app,car,clear,0.5,18.3,2,30.1,35,560,delivered,5.0,C033
D100597,2026-02-16 08:03:00,2026-02-16 08:57:38,Восток,Хинкали House,app,bike,clear,13.55,4.0,3,54.6,74,880,delivered,4.0,C035
D100598,2026-02-21 14:18:00,2026-02-21 15:17:15,Север,Пекарня №7,legacy_csv,scooter,rain,"8,49",21.8,3,59.3,59,2500,delivered,,C006
D100599,2026-02-13 09:48:00,2026-02-13 10:46:25,Запад,Бургерная 24,legacy_csv,bike,clear,10.03,12.6,3,58.4,64,800,delivered,5.0,C023
D100600,2026-02-11 17:02:00,2026-02-11 17:40:17,Запад,Taco Point,app,scooter,clear,7.32,11.0,1,38.3,60,570,delivered,4.0,C146
D100601,2026-02-10 16:07:00,2026-02-10 16:53:18,Восток,Пицца & Ко,app,walk,rain,2.16,26.1,1,46.3,41,640,delivered,,C002
D100602,2026-02-25 09:18:00,2026-02-25 09:46:28,Восток,Хинкали House,app,scooter,clear,6.08,4.0,1,28.5,52,1530,delivered,4.0,C119
D100603,2026-02-17 15:21:00,2026-02-17 15:49:38,Запад,Taco Point,partner_api,car,clear,2.75,14.6,2,28.6,39,2350,delivered,4.0,C063
D100604,2026-02-25 18:22:00,2026-02-25 19:17:03,Центр,Пекарня №7,web,car,snow,7.11,15.1,2,55.1,68,1260,delivered,5.0,C024
D100605,2026-02-06 13:26:00,2026-02-06 14:05:00,Юг,Wok Station,app,bike,rain,2.17,12.8,3,39.0,35,680,delivered,,C100
D100606,2026-02-11 09:48:00,2026-02-11 10:23:14,Юг,Зелёная кухня,web,car,rain,1.77,25.6,2,35.2,35,570,delivered,4.0,C059
D100607,2026-02-21 08:20:00,2026-02-21 08:52:45,Юг,Бургерная 24,partner_api,car,clear,3.77,15.0,2,-32.8,42,770,delivered,4.0,C105
D100608,2026-02-07 21:05:00,2026-02-07 22:03:52,Юг,Wok Station,web,bike,clear,7.0,20.1,3,58.9,49,740,delivered,,C057
D100609,2026-02-25 14:12:00,2026-02-25 15:02:38,Запад,Taco Point,partner_api,scooter,snow,3.73,15.9,2,3036.0,52,1340,delivered,5.0,C089
D100610,2026-02-01 12:48:00,2026-02-01 13:08:53,Запад ,Sushi Lab,legacy_csv,scooter,clear,0.5,15.2,2,20.9,35,1910,delivered,4.0,C031
D100611,2026-02-27 21:21:00,2026-02-27 22:30:47,Север,Wok Station,app,bike,clear,13.96,15.0,1,69.8,75,2250,delivered,4.0,C123
D100612,2026-02-28 20:18:00,2026-02-28 21:04:20,Юг,Wok Station,partner_api,car,clear,9.46,15.3,2,46.3,56,750,delivered,5.0,C049
D100613,2026-02-11 14:26:00,2026-02-11 15:01:25,Восток,Wok Station,app,bike,clear,4.54,15.1,2,35.4,39,1810,delivered,,C122
D100614,2026-02-07 08:21:00,2026-02-07 08:59:51,Юг,Хинкали House,partner_api,scooter,clear,3.69,18.0,2,38.9,45,750,delivered,,C057
D100615,2026-02-14 21:04:00,2026-02-14 21:46:51,Запад,Хинкали House,web,bike,snow,2.35,9.4,1,42.9,48,990,delivered,5.0,C111
D100616,2026-02-11 16:51:00,2026-02-11 17:26:08,Центр,Бургерная 24,partner_api,scooter,rain,3.99,14.7,2,2106.0,40,890,delivered,4.0,C106
D100617,2026-02-20 20:26:00,2026-02-20 20:32:57,Центр,Sushi Lab,app,bike,clear,0.9,14.4,1,0.0,35,1570, cancelled ,,
D100618,2026-02-04 21:34:00,2026-02-04 21:57:37,Запад,Sushi Lab,web,scooter,clear,1.29,17.8,2,23.6,35,910,delivered,,C076
D100619,2026-02-19 12:02:00,2026-02-19 12:48:35,Центр,Wok Station,app,scooter,snow,2.37,16.4,1,46.6,39,2410,delivered,,C123
D100620,2026-02-15 09:06:00,2026-02-15 10:09:48,Север,Пицца & Ко,app,scooter,clear,11.78,23.6,3,63.8,69,880,delivered,4.0,C007
D100621,2026-02-04 17:20:00,2026-02-04 18:19:01,Запад,ЗЕЛЁНАЯ КУХНЯ,app,scooter,snow,5.58,20.5,1,59.0,57,860,delivered,4.0,C103
D100622,2026-02-19 17:57:00,2026-02-19 19:27:33,Восток,Wok Station,app,walk,clear,"9,68",20.9,2,90.6,63,1100,delivered,,C049
D100623,2026-02-05 16:24:00,2026-02-05 17:20:12,Юг,Бургерная 24,web,bike,clear,5.09,18.6,3,56.2,48,1420,delivered,,C003
D100624,2026-02-09 10:22:00,2026-02-09 10:44:24,Центр,Пекарня №7,app,bike,clear,1.39,9.5,3,22.4,38,1290,delivered,5.0,C004
D100625,2026-02-04 18:37:00,2026-02-04 19:22:29,Центр,Пицца & Ко,app,bike,clear,1.48,30.6,1,45.5,37,1580,delivered,4.0,C017
D100626,2026-02-20 09:51:00,2026-02-20 10:26:06,Юг,Зелёная кухня,app,bike,rain,1.03,22.3,2,35.1,36,710,delivered,4.0,C010
D100627,2026-02-03 14:50:00,2026-02-03 15:47:27,Юг,Пицца & Ко,app,car,snow,6.23,19.2,2,57.5,59,890,delivered,5.0,C017
D100628,2026-02-10 21:26:00,2026-02-10 22:03:03,Запад,Wok Station,partner_api,scooter,rain,2.38,15.8,2,2226.0,37,4450,delivered,5.0,C054
D100629,2026-02-18 15:30:00,2026-02-18 16:02:15,Центр,Хинкали House,app,car,clear,6.22,12.9,2,32.3,52,690,delivered,5.0,C037
D100630,2026-02-03 09:22:00,2026-02-03 10:01:09,Юг,Пицца & Ко,partner_api,bike,clear,4.77,23.6,1,39.2,37,730,delivered,,C008
D100631,2026-02-06 14:50:00,2026-02-06 17:09:03,Восток,Пицца & Ко,app,walk,clear,15.74,24.1,2,139.1,78,680,delivered,3.0,C065
D100632,2026-02-04 13:31:00,2026-02-04 14:25:31,Север,Wok Station,partner_api,scooter,rain,7.0,19.7,1,54.5,55,1240,delivered,5.0,C127
D100633,2026-02-04 21:17:00,2026-02-04 21:42:33,Запад,Бургерная 24,app,car,clear,5.37,7.2,3,25.6,51,1460,delivered,4.0,C122
D100634,2026-02-01 10:16:00,2026-02-01 10:27:18,Восток,Wok Station,web,walk,snow,5.57,17.9,3,0.0,58,770,cancelled,,
D100635,2026-02-19 11:20:00,2026-02-19 11:56:27,Восток,Пекарня №7,app,scooter,rain,5.58,11.2,2,36.5,42,1070,delivered,5.0,C139
D100636,2026-02-09 16:44:00,2026-02-09 16:51:04,Центр,Wok Station,legacy_csv,car,snow,4.14,,2,0.0,51,1020,cancelled,,
D100637,2026-02-25 14:43:00,2026-02-25 15:11:50,Север,Хинкали House,partner_api, car ,clear,3.34,12.4,2,28.8,38,1750,delivered,4.0,C047
D100638,2026-02-01 21:29:00,2026-02-01 22:54:51,Запад,ПЕКАРНЯ №7,app,car,snow,3.28,18.3,1,85.9,46,1550,delivered,,C056
D100639,2026-02-28 21:29:00,2026-02-28 22:02:17,запад,Хинкали House,web,bike,clear,5.09,15.5,1,33.3,47,1220,delivered,,C063
D100640,2026-02-20 21:43:00,2026-02-20 22:11:12,юг,Taco Point,legacy_csv,car,clear,1.82,15.9,2,28.2,35,2840,delivered,3.0,C038
D100641,2026-02-27 21:42:00,2026-02-27 22:18:48,Восток,Sushi Lab,web,car,clear,7.68,17.5,2,36.8,57,1960,delivered,5.0,C011
D100642,2026-02-03 09:02:00,2026-02-03 09:23:09,Центр,Sushi Lab,app,bike,clear,0.75,13.6,1,0.0,36,550,cancelled,,
D100643,2026-02-26 18:33:00,2026-02-26 19:18:42,Юг,Пицца & Ко,app,bike,clear,"1,88",25.4,3,45.7,35,1760,delivered,5.0,C100
D100644,2026-02-25 09:46:00,2026-02-25 10:27:52,Запад,Пицца & Ко,web,car,snow,5.15,16.4,1,41.9,57,3270,delivered,5.0,C037
D100645,2026-02-21 13:06:00,2026-02-21 14:11:33,Запад,Пицца & Ко,web,bike,snow,8.43,17.1,1,65.6,64,2670,delivered,5.0,C047
D100646,2026-02-04 08:19:00,2026-02-04 08:25:10,Центр,Sushi Lab,app,walk,clear,1.76,18.4,1,0.0,37,990,cancelled,,
D100647,2026-02-11 14:08:00,2026-02-11 14:44:06,Юг,Зелёная кухня,legacy_csv,car,rain,2150.0,13.6,3,36.1,38,760,delivered,,C089
D100648,2026-02-22 21:26:00,2026-02-22 21:49:43,Центр,Sushi Lab,partner_api,bike,clear,1.61,12.5,1,23.7,35,580,delivered,,unknown
D100649,2026-02-08 08:24:00,2026-02-08 08:47:52,Центр, зелёная кухня ,web,bike,clear,1.62,19.9,1,23.9,35,600,delivered,4.0,C082
D100650,2026-02-08 12:03:00,2026-02-08 12:26:55,Север,Пекарня №7,web,scooter,clear,1.44,11.0,2,23.9,35,700,delivered,5.0,C075
D100651,2026-02-15 14:36:00,2026-02-15 15:04:51,Центр,Wok Station,legacy_csv,bike,clear,800.0,17.8,1,28.9,35,550,delivered,5.0,C010
D100652,2026-02-03 18:15:00,2026-02-03 19:30:13,Восток,Зелёная кухня,web,walk,clear,7.27,18.7,1,75.2,54,1700,delivered,4.0,C044
D100653,2026-02-16 11:55:00,2026-02-16 12:40:58,Восток,Пицца & Ко,web,scooter,clear,6.68,18.6,1,46.0,49,680,delivered,4.0,C070
D100654,2026-02-26 19:11:00,2026-02-26 19:47:57,запад,Пекарня №7,app,scooter,clear,5.38,16.3,2,37.0,47,830,delivered,5.0,C085
D100655,2026-02-21 15:59:00,2026-02-21 16:33:13,Центр,Зелёная кухня,partner_api,bike,clear,4.18,14.6,1,34.2,46,4660,delivered,4.0,C077
D100656,2026-02-22 13:12:00,2026-02-22 14:01:25,Центр,Sushi Lab,partner_api,scooter,snow,3.19,16.5,1,2964.0,54,750,delivered,5.0,C056
D100657,2026-02-01 18:49:00,2026-02-01 19:25:53,Восток,Sushi Lab,app,bike,clear,5.07,14.6,3,36.9,52,480,delivered,4.0,C146
D100658,2026-02-19 18:51:00,2026-02-19 19:58:06,Юг,Пицца & Ко,app,bike,rain,7.64,19.7,3,67.1,58,2130,delivered,5.0,C059
D100659,2026-02-06 08:42:00,2026-02-06 09:30:10,Север,Wok Station,partner_api,scooter,clear,7.21,20.1,3,2892.0,43,850,delivered,4.0,C058
D100660,2026-02-07 10:50:00,2026-02-07 11:30:27,Восток,Зелёная кухня,web,bike,clear,4.22,16.9,1,40.5,35,1330,delivered,4.0,C008
D100661,2026-02-10 12:07:00,2026-02-10 12:47:13,Север, пицца & ко ,app,scooter,clear,9.03,16.1,2,40.2,62,860,delivered,3.0,C067
D100662,2026-02-26 21:33:00,2026-02-26 22:30:42,Север,Пекарня №7,app,bike,snow,7.29,19.3,3,57.7,57,1960,delivered,,C073
D100663,2026-02-15 21:59:00,2026-02-15 22:35:15,Юг,Хинкали House,app,bike,clear,2.84,13.2,3,36.3,38,1260,delivered,5.0,C088
D100664,2026-02-17 19:06:00,2026-02-17 19:32:05,Восток,Wok Station,web,car,clear,2.07,-13.4,2,26.1,35,800,delivered,5.0,C065
D100665,2026-02-16 09:25:00,2026-02-16 09:54:29,Центр,Wok Station,app,scooter,clear,1.99,14.3,1,29.5,35,1180,delivered,5.0,C126
D100666,2026-02-14 09:11:00,2026-02-14 10:21:21,Центр,Хинкали House,app,bike,rain,10.02,15.7,2,70.4,63,450,delivered,4.0,C004
D100667,2026-02-14 10:08:00,2026-02-14 10:33:32,Север,Пекарня №7,web,bike,rain,1.87,13.0,2,25.5,35,840,delivered,5.0,C023
D100668,2026-02-20 09:20:00,2026-02-20 09:51:15,Восток,Бургерная 24,web,bike,clear,2.31,16.9,2,31.3,37,2080,delivered,,C013
D100669,2026-02-07 13:20:00,2026-02-07 13:41:54,Центр,Wok Station,partner_api,scooter,clear,0.72,13.6,2,0.0,35,1180,cancelled,,
D100670,2026-02-22 19:50:00,2026-02-22 20:14:27,Север,Пицца & Ко,app, bike ,clear,0.72,20.5,2,24.5,35,920,delivered,4.0,C096
D100671,2026-02-09 13:35:00,2026-02-09 14:06:59,Центр,Wok Station,app,bike,clear,1.96,18.0,1,32.0,36,990,delivered,4.0,C040
D100672,2026-02-10 16:30:00,2026-02-10 16:50:46,ЮГ,Бургерная 24,app,bike,clear,1.52,15.2,1,20.8,35,980,delivered,5.0,C119
D100673,2026-02-04 20:42:00,2026-02-04 21:32:26,Запад,Пицца & Ко,app,bike,clear,8.8,20.1,3,50.4,62,1760,delivered,4.0,C075
D100674,2026-02-15 14:48:00,2026-02-15 15:24:41,Центр,Пицца & Ко,web,scooter,clear,1.94,27.9,1,36.7,38,1680,delivered,3.0,C013
D100675,2026-02-04 11:46:00,2026-02-04 12:15:51,Центр,Sushi Lab,legacy_csv,bike,clear,3.59,11.0,2,29.9,47,1070,delivered,,C141
D100676,2026-02-18 10:31:00,2026-02-18 11:00:48,Юг,Taco Point,legacy_csv,bike,clear,4670.0,12.9,1,29.8,43,1270,delivered,5.0,C122
D100677,2026-02-08 20:08:00,2026-02-08 20:36:16,Центр,Taco Point,web,bike,clear,5.4,8.1,1,28.3,48,1570, delivered ,5.0,C070
D100678,2026-02-21 11:38:00,2026-02-21 12:19:20,Центр,Taco Point,web,bike,rain,3.59,21.1,3,41.3,54,2050,delivered,4.0,C087
D100679,2026-02-03 19:48:00,2026-02-03 20:02:24,Север,Хинкали House,app,walk,clear,1.43,6.1,3,14.4,36,1150,delivered,,C122
D100680,2026-02-05 14:09:00,2026-02-05 14:54:11,Центр,Taco Point,app,scooter,snow,0.97,20.7,2,45.2,35,780,delivered,,C129
D100681,2026-02-11 10:55:00,2026-02-11 11:46:28,Восток,Wok Station,app,scooter,rain,8.01,16.8,2,51.5,62,1050,delivered,5.0,C029
D100682,2026-02-26 18:33:00,2026-02-26 19:18:54,Центр,Пицца & Ко,web,scooter,clear,3.51,26.8,1,45.9,42,1110,delivered,4.0,C016
D100683,2026-02-01 17:00:00,2026-02-01 17:35:12,Запад,Хинкали House,app,car,snow,2.62,11.6,1,35.2,46,1340,delivered,,C012
D100684,2026-02-16 20:12:00,2026-02-16 21:01:18,Юг,Бургерная 24,legacy_csv,scooter,rain,1.79,20.3,4,49.3,35,940,delivered,4.0,C091
D100685,2026-02-26 19:55:00,2026-02-26 21:01:01,Восток,Пекарня №7,app,bike,clear,13.64,15.3,1,66.0,68,900,delivered,5.0,C026
D100686,2026-02-25 14:22:00,2026-02-25 14:53:18,Центр,Бургерная 24,app,scooter,rain,1.42,15.8,2,31.3,38,710,delivered,4.0,C047
D100687,2026-02-13 20:03:00,2026-02-13 20:16:28,Центр,Хинкали House,partner_api,scooter,clear,3.69,4.0,2,810.0,47,1330,delivered,5.0,C023
D100688,2026-02-10 16:06:00,2026-02-10 16:41:42,Восток,Пицца & Ко,app,scooter,clear,3.06,22.8,1,35.7,45,860,delivered,5.0,C144
D100689,2026-02-18 11:24:00,2026-02-18 12:11:58,Восток,Sushi Lab,partner_api,bike,rain,5.01,16.7,1,48.0,48,750,delivered,,C132
D100690,2026-02-12 18:11:00,2026-02-12 18:43:56,Север,Taco Point,app,bike,clear,4.24,18.8,3,32.9,45,2390,delivered,5.0,C076
D100691,2026-02-02 17:33:00,2026-02-02 18:02:28,Центр,Зелёная кухня,web,bike,clear,1.16,19.5,2,29.5,35,1980,delivered,5.0,C058
D100692,2026-02-26 09:54:00,2026-02-26 09:59:21,Юг,Taco Point,app,walk,clear,2.3,22.6,4,0.0,37,1190,cancelled,,
D100693,2026-02-16 15:01:00,2026-02-16 15:29:24,Юг,Хинкали House,legacy_csv,car,rain,2.66,,1,28.4,37,660,delivered,,C109
D100694,2026-02-18 20:11:00,2026-02-18 20:34:19,Запад,Зелёная кухня,web,bike,clear,0.96,19.3,3,23.3,35,660,delivered,5.0,C131
D100695,2026-02-06 19:25:00,2026-02-06 20:06:32,Восток,Sushi Lab,app,bike,clear,5.25,22.1,1,41.5,47,1360,delivered,5.0,C015
D100696,2026-02-07 08:20:00,2026-02-07 08:30:09,Восток,Бургерная 24,legacy_csv,bike,clear,4.19,,1,0.0,43,1270,cancelled,,
D100697,2026-02-18 21:19:00,2026-02-18 21:49:23,Запад,Зелёная кухня,app,car,clear,4.5,18.1,1,30.4,43,640,delivered,5.0,C101
D100698,2026-02-09 13:35:00,2026-02-09 13:49:10,Север,Пекарня №7,web,car,rain,0.88,10.2,1,14.2,35,950,delivered,5.0,C069
D100699,2026-02-24 19:32:00,2026-02-24 19:55:47,Центр,Хинкали House,legacy_csv,car,clear,4480.0,14.7,2,23.8,42,810,delivered,4.0,C122
D100700,2026-02-26 09:55:00,2026-02-26 10:13:12,Север,Хинкали House,app,bike,rain,7.04,7.9,2,0.0,54,1050,cancelled,,
D100701,2026-02-07 12:27:00,2026-02-07 13:22:16,Центр,Wok Station,app,walk,clear,3.06,24.2,1,55.3,38,610,delivered,3.0,C106
D100702,2026-02-24 11:30:00,2026-02-24 12:01:12,Центр,Пицца & Ко,app,car,clear,1.75,22.1,1,31.2,39,1430,delivered,4.0,C003
D100703,2026-02-03 11:31:00,2026-02-03 12:22:52,Центр,Зелёная кухня,partner_api,scooter,snow,5.08,9.5,2,3114.0,50,1980,delivered,,C014
D100704,2026-02-03 18:55:00,2026-02-03 19:41:55,Запад,Taco Point,app,bike,rain,5.62,16.6,2,46.9,52,2220,delivered,,C009
D100705,2026-02-16 18:46:00,2026-02-16 19:11:10,Север,Пекарня №7,app,car,clear,4.02,12.7,1,25.2,41,1100,delivered,,C072
D100706,2026-02-06 21:10:00,2026-02-06 21:39:00,Запад,Пицца & Ко,app,bike,clear,1.36,22.8,2,29.0,35,460,delivered,5.0,C075
D100707,2026-02-28 19:52:00,2026-02-28 20:43:06,Восток,Зелёная кухня,app,scooter,rain,5.83,20.5,1,51.1,48,2120,delivered,5.0,C106
D100708,2026-02-28 09:15:00,2026-02-28 09:44:06,Юг,Бургерная 24,app,car,clear,0.5,15.0,3,29.1,41,2080,delivered,5.0,C100
D100709,2026-02-17 08:12:00,2026-02-17 09:11:13,Запад,Wok Station,partner_api,bike,rain,7.05,20.5,2,59.2,56,950,delivered,5.0,C037
D100710,2026-02-27 16:54:00,2026-02-27 17:40:18,Запад,Хинкали House,web,bike,rain,5.32,11.2,2,46.3,49,510,delivered,,C063
D100711,2026-02-07 18:22:00,2026-02-07 18:59:58,Запад,Хинкали House,app,bike,clear,5.92,14.2,3,38.0,49,1530,delivered,5.0,unknown
D100712,2026-02-11 13:34:00,2026-02-11 14:16:25,Юг,Taco Point,app,bike,clear,0.5,18.9,4,42.4,35,1710,delivered,4.0,C017
D100713,2026-02-07 20:57:00,2026-02-07 21:23:36,Восток,Taco Point,web,bike,clear,2.13,15.0,2,26.6,36,1670,delivered,5.0,C091
D100714,2026-02-02 13:15:00,2026-02-02 14:00:48,Восток,Taco Point,web,car,clear,7.86,22.0,3,45.8,62,1170,delivered,5.0,C064
D100715,2026-02-17 11:21:00,2026-02-17 11:46:42,Запад,Taco Point,app,bike,clear,1.2,21.7,2,25.7,35,500,delivered,4.0,C092
D100716,2026-02-25 11:38:00,2026-02-25 12:01:14,Центр,Пекарня №7,web,bike,snow,4.57,16.3,2,0.0,58,1270,cancelled,,
D100717,2026-02-02 13:12:00,2026-02-02 13:22:53,Юг,Sushi Lab,partner_api,bike,snow,4.21,18.7,1,0.0,55,720,cancelled,,
D100718,2026-02-28 16:55:00,2026-02-28 17:41:16,Юг,Зелёная кухня,app,scooter,clear,3.55,20.8,3,46.3,47,960,delivered,5.0,C056
D100719,2026-02-08 13:57:00,2026-02-08 14:28:19,Север,Wok Station,web,bike,clear,4.28,15.2,2,31.3,43,780,delivered,5.0,C041
D100720,2026-02-05 13:56:00,2026-02-05 14:28:41,Запад,Wok Station,app,scooter,clear,4.55,15.7,2,32.7,37,1740,delivered,5.0,C031
D100721,2026-02-02 20:15:00,2026-02-02 20:30:38,Центр,Хинкали House,app,scooter,clear,0.5,7.8,1,15.6,35,1280,delivered,5.0,C121
D100722,2026-02-18 19:21:00,2026-02-18 19:45:26,Север,Хинкали House,app,bike,clear,7.36,10.1,4,0.0,46,970,cancelled,,
D100723,2026-02-18 18:53:00,2026-02-18 19:27:44,Юг,Пекарня №7,app,scooter,clear,1.46,21.7,2,34.7,35,720,delivered,4.0,C093
D100724,2026-02-14 09:22:00,2026-02-14 09:53:06,Юг,Хинкали House,web,scooter,clear,1.95,15.2,3,31.1,35,1260,delivered,4.0,C036
D100725,2026-02-09 18:05:00,2026-02-09 19:12:09,Восток,Пицца & Ко,app,scooter,snow,5.96,27.7,1,67.2,63,1900,delivered,5.0,C015
D100726,2026-02-06 21:19:00,2026-02-06 21:54:30,Запад,Пицца & Ко,web,bike,clear,3.3,23.7,1,35.5,36,1160,delivered,4.0,C129
D100727,2026-02-27 13:07:00,2026-02-27 13:33:36,Восток,Sushi Lab,app,car,clear,0.69,22.6,2,26.6,35,1090,delivered,,C097
D100728,2026-02-26 18:31:00,2026-02-26 18:51:23,Север,Wok Station,app,scooter,clear,0.85,16.1,2,20.4,35,1170,delivered,,C146
D100729,2026-02-22 10:38:00,2026-02-22 11:13:34,Центр,Бургерная 24,app,scooter,clear,3.97,15.3,2,35.6,50,950,delivered,,C086
D100730,2026-02-19 14:07:00,2026-02-19 14:49:00,Центр,Пицца & Ко,partner_api,bike,snow,2.04,16.9,2,42.0,44,800,delivered,5.0,C132
D100731,2026-02-16 15:56:00,2026-02-16 17:28:11,Запад,Бургерная 24,app, bike ,clear,18.5,17.1,1,92.2,96,940,delivered,,C042
D100732,2026-02-02 18:36:00,2026-02-02 19:03:11,Север,Пекарня №7,web,bike,rain,1.29,13.3,1,27.2,35,750,delivered,5.0,C004
D100733,2026-02-20 14:35:00,2026-02-20 15:09:49,Север,Бургерная 24,app,scooter,clear,6.96,12.6,1,34.8,52,1830,delivered,,C086
D100734,2026-02-05 12:39:00,2026-02-05 13:19:23,Запад,Taco Point,web,scooter,clear,5.59,25.7,3,40.4,41,1030,delivered,4.0,C108
D100735,2026-02-27 21:47:00,2026-02-27 22:07:46,Запад,Хинкали House,app,bike,snow,4.33,11.0,1,0.0,51,680,cancelled,,
D100736,2026-02-08 20:44:00,2026-02-08 21:33:09,Юг,Taco Point,partner_api,scooter,rain,4.01,17.4,3,49.2,50,2 210 ₽,delivered,5.0,C081
D100737,2026-02-21 16:25:00,2026-02-21 16:58:16,Север,Wok Station,partner_api,scooter,clear,5.57,16.9,1,33.3,47,1210,delivered,4.0,C002
D100738,2026-02-18 19:24:00,2026-02-18 19:40:50,Юг,Зелёная кухня,legacy_csv,bike,clear,4.97,15.4,2,0.0,51,880,cancelled,,
D100739,2026-02-08 13:33:00,2026-02-08 14:11:02,Центр,Sushi Lab,app,walk,rain,2.1,16.7,2,38.0,35,830,delivered,5.0,C137
D100740,2026-02-11 21:03:00,2026-02-11 21:49:57,Запад,Зелёная кухня,app,car,clear,7.93,27.0,4,47.0,63,1810,delivered,5.0,C119
D100741,2026-02-05 20:27:00,2026-02-05 21:49:38,Север,Зелёная кухня,app,scooter,snow,5.96,13.4,2,82.6,54,900,delivered,,C034
D100742,2026-02-26 16:35:00,2026-02-26 17:15:46,Восток,Зелёная кухня,web,bike,snow,2.38,10.8,1,40.8,40,930,delivered,4.0,C128
D100743,2026-02-14 11:08:00,2026-02-14 11:48:02,Восток,Пицца & Ко,app,bike,clear,5.9,19.4,2,40.0,44,900,delivered,,C108
D100744,2026-02-20 09:28:00,2026-02-20 10:18:15,Юг,Хинкали House,partner_api,bike,clear,4.68,18.9,3,50.3,48,960, delivered ,4.0,C083
D100745,2026-02-08 10:07:00,2026-02-08 10:49:06,Восток,Wok Station,web,bike,rain,4.47,23.7,1,42.1,44,1 060 ₽,delivered,4.0,C106
D100746,2026-02-12 20:17:00,2026-02-12 20:55:28,Юг,Пекарня №7,app,bike,clear,1.95,14.5,4,38.5,38,830,delivered,,C039
D100747,2026-02-08 11:44:00,2026-02-08 12:15:17,Центр,Зелёная кухня,legacy_csv,scooter,clear,2.75,,1,31.3,41,1260,delivered,5.0,C067
D100748,2026-02-22 17:55:00,2026-02-22 19:01:52,Центр,Sushi Lab,app,walk,rain,5.44,15.1,3,66.9,54,1030,delivered,5.0,C041
D100749,2026-02-08 20:17:00,2026-02-08 20:33:55,Восток,Зелёная кухня,web,car,rain,2.76,5.2,2,16.9,35,1440,delivered,4.0,C016
D100750,2026-02-21 17:09:00,2026-02-21 17:49:15,Восток,Sushi Lab,app,walk,rain,2.37,13.3,1,40.3,40,1470,delivered,3.0,C096
D100751,2026-02-07 16:17:00,2026-02-07 17:03:39,Запад,Taco Point,app,bike,clear,4.55,20.4,3,46.7,39,1120,delivered,4.0,C098
D100752,2026-02-06 21:51:00,2026-02-06 22:22:52,Восток,Wok Station,legacy_csv,bike,clear,5.37,17.8,1,31.9,44,490,delivered,,C057
D100753,2026-02-17 09:51:00,2026-02-17 11:00:39,Север,Wok Station,app,walk,snow,5.68,20.6,1,69.7,51,1260,delivered,,C096
D100754,2026-02-26 11:17:00,2026-02-26 12:08:01,Север,Пицца & Ко,app,scooter,clear,9.08,11.2,2,51.0,55,1070,delivered,5.0,C141
D100755,2026-02-16 20:23:00,2026-02-16 21:11:16,Восток,Пицца & Ко,web,bike,clear,6.57,19.6,1,48.3,44,430,delivered,,C134
D100756,2026-02-13 08:34:00,2026-02-13 08:56:44,Запад,Taco Point,partner_api,car,clear,3.05,14.2,2,22.7,38,1 230 ₽,delivered,4.0,C010
D100757,2026-02-08 11:46:00,2026-02-08 12:09:04,Центр,Sushi Lab,app,bike,clear,1.41,15.8,3,23.1,36,620,delivered,4.0,C002
D100758,2026-02-13 13:25:00,2026-02-13 13:51:03,Центр,Хинкали House,web,scooter,clear,1.96,12.4,3,26.1,35,1310,delivered,4.0,C057
D100759,2026-02-17 20:01:00,2026-02-17 20:30:27,Север ,Пицца & Ко,web,car,clear,4.65,14.7,3,29.5,42,1460,delivered,,C054
D100760,2026-02-27 08:28:00,2026-02-27 09:02:57,Восток,Пекарня №7,web,bike,clear,3.7,20.2,2,35.0,39,1280,delivered,5.0,C135
D100761,2026-02-06 08:44:00,2026-02-06 10:11:07,Север,Пицца & Ко,legacy_csv,bike,snow,11.57,,2,87.1,86,530,delivered,5.0,C144
D100762,2026-02-07 12:12:00,2026-02-07 12:54:48,Юг ,Бургерная 24,web,walk,rain,1.61,17.9,2,42.8,39,740,delivered,,C035
D100763,2026-02-09 14:58:00,2026-02-09 15:07:40,Восток,Бургерная 24,app,scooter,rain,2.08,15.2,2,0.0,41,1420,cancelled,,
D100764,2026-02-24 21:23:00,2026-02-24 22:17:10,Юг,Зелёная кухня,web,walk,rain,4.03,13.0,2,54.2,46,1150,delivered,3.0,C069
D100765,2026-02-01 13:58:00,2026-02-01 14:40:50,Восток,Пекарня №7,legacy_csv,car,clear,5120.0,22.1,2,42.8,48,370,delivered,5.0,C080
D100766,2026-02-24 12:25:00,2026-02-24 12:32:59,Юг,Taco Point,web,car,clear,4.98,18.4,1,0.0,49,1370,cancelled,,
D100767,2026-02-04 10:23:00,2026-02-04 11:11:57,Центр,Хинкали House,app,bike,clear,7.81,13.7,1,49.0,56,2230,delivered,5.0,C023
D100768,2026-02-15 21:47:00,2026-02-15 22:35:34,Центр,Sushi Lab,app,walk,clear,2.65,18.5,1,48.6,37,410,delivered,,C103
D100769,2026-02-19 10:41:00,2026-02-19 11:07:22,Юг,Wok Station,app,bike,clear,1.8,10.0,2,26.4,35,600,delivered,,C090
D100770,2026-02-08 11:12:00,2026-02-08 11:42:02,Запад,Хинкали House,app,scooter,clear,1.82,19.3,1,30.0,35,1330,delivered,5.0,C133
D100771,2026-02-16 08:43:00,2026-02-16 09:13:50,Запад,Бургерная 24,app,bike,rain,2.46,10.0,3,30.8,46,640,delivered,5.0,C092
D100772,2026-02-25 10:23:00,2026-02-25 10:57:51,Центр,Taco Point,app,bike,clear,3.85,19.2,1,34.9,40,390,delivered,5.0,C046
D100773,2026-02-28 17:56:00,2026-02-28 18:47:02,Север, пекарня №7 ,web,walk,clear,4.61,18.9,3,51.0,38,1800,delivered,5.0,C015
D100774,2026-02-12 21:47:00,2026-02-12 22:10:06,Центр,Sushi Lab,web,scooter,clear,0.5,15.0,1,23.1,35,1150,delivered,4.0,C023
D100775,2026-02-19 17:44:00,2026-02-19 18:37:33,Запад,Пекарня №7,legacy_csv,scooter,clear,8.32,,1,53.6,58,1020,delivered,,C142
D100776,2026-02-19 17:36:00,2026-02-19 18:10:07,Центр,Пекарня №7,legacy_csv,bike,clear,1.5,21.3,1,34.1,39,1660,delivered,,C093
D100777,2026-02-25 08:45:00,2026-02-25 09:29:24,Центр,Пекарня №7,legacy_csv,car,rain,2.8,17.4,1,44.4,47,950,delivered,5.0,C089
D100778,2026-02-12 16:19:00,2026-02-12 16:25:00,Центр,Пекарня №7,partner_api,bike,clear,1.12,25.8,1,0.0,35,680,cancelled,,
D100779,2026-02-14 09:29:00,2026-02-14 10:06:58,Юг,Пицца & Ко,legacy_csv, car ,clear,4.34,16.5,2,38.0,44,790,delivered,5.0,C025
D100780,2026-02-06 19:50:00,2026-02-06 20:28:15,ЦЕНТР,Зелёная кухня,app,walk,clear,2.47,18.1,2,38.3,42,1250,delivered,4.0,C064
D100781,2026-02-24 11:12:00,2026-02-24 12:34:27,Юг,Бургерная 24,app,bike,clear,13.46,18.1,3,82.5,74,1270,delivered,,C133
D100782,2026-02-09 10:28:00,2026-02-09 10:57:22,Юг,Зелёная кухня,partner_api,scooter,clear,1.03,10.8,4,29.4,35,930,delivered,4.0,C149
D100783,2026-02-23 13:14:00,2026-02-23 13:59:11,Восток,Пицца & Ко,app,bike,clear,5.77,20.2,2,45.2,46,2810,delivered,5.0,C045
D100784,2026-02-27 18:29:00,2026-02-27 18:37:43,Север,Пицца & Ко,partner_api,bike,clear,2.83,17.4,2,0.0,38,2010,cancelled,,
D100785,2026-02-18 10:45:00,2026-02-18 11:48:01,Восток ,Хинкали House,app,scooter,snow,9.75,12.2,1,63.0,73,610,delivered,4.0,C125
D100786,2026-02-19 15:35:00,2026-02-19 17:05:33,Север,Sushi Lab,app,walk,rain,9.26,14.3,1,90.6,63,1530,delivered,,C098
D100787,2026-02-23 17:18:00,2026-02-23 17:55:07,Восток,Бургерная 24,web,bike,clear,4.63,15.0,2,37.1,45,840,delivered,,C023
D100788,2026-02-22 10:38:00,2026-02-22 11:06:54,Запад,Sushi Lab,web,scooter,clear,2.65,15.0,1,28.9,44,1310,delivered,4.0,C045
D100789,2026-02-28 18:46:00,2026-02-28 19:28:15,Юг,Хинкали House,partner_api,scooter,clear,5.98,13.9,3,42.3,40,900,delivered,5.0,C012
D100790,2026-02-23 15:37:00,2026-02-23 16:26:11,Запад,Пицца & Ко,partner_api,bike,clear,7.52,22.0,1,49.2,53,1370,delivered,4.0,C142
D100791,2026-02-17 17:16:00,2026-02-17 17:38:56,Запад,Пекарня №7,legacy_csv,bike,clear,1130.0,18.9,1,22.9,35,1260,delivered,5.0,C041
D100792,2026-02-16 20:17:00,2026-02-16 20:51:04,Центр,Wok Station,app,bike,clear,3.26,20.4,4,34.1,35,1150,delivered,4.0,C019
D100793,2026-02-07 16:02:00,2026-02-07 16:45:49,Запад,Пицца & Ко,partner_api,walk,clear,3.41,20.6,2,43.8,41,1070,delivered,,C091
D100794,2026-02-09 08:03:00,2026-02-09 08:24:33,Восток,Пекарня №7,partner_api,scooter,clear,2.29,14.9,2,21.6,35,770,delivered,4.0,C017
D100795,2026-02-15 10:48:00,2026-02-15 11:17:57,Север,Taco Point,partner_api,car,clear,4.32,19.2,2,30.0,45,850,delivered,5.0,C089
D100796,2026-02-10 08:36:00,2026-02-10 08:57:28,Север,Пицца & Ко,web,bike,clear,1.14,17.5,1,21.5,39,860,delivered,,C117
D100797,2026-02-23 10:09:00,2026-02-23 10:46:43,Север,Wok Station,app,scooter,clear,6.51,14.4,3,37.7,56,1400,delivered,,C083
D100798,2026-02-09 18:10:00,2026-02-09 18:43:29,Центр,Wok Station,app,scooter,clear,2.92,20.8,1,33.5,48,1240,delivered,4.0,C131
D100799,2026-02-11 21:35:00,2026-02-11 22:19:51,Юг,Taco Point,partner_api,bike,clear,6.64,18.5,1,44.9,52,1130,delivered,5.0,C035
D100800,2026-02-23 20:52:00,2026-02-23 21:18:16,Север,Бургерная 24,web,scooter,rain,1.78,11.6,2,26.3,35,1670,delivered,4.0,C097
D100801,2026-02-05 21:28:00,2026-02-05 22:00:18,Центр,Wok Station,partner_api,scooter,clear,1.93,19.0,3,1938.0,41,1170,delivered,5.0,C016
D100802,2026-02-07 19:23:00,2026-02-07 19:46:05,Север,Зелёная кухня,app,car,clear,4.62,13.4,1,23.1,43,1360,delivered,5.0,C081
D100803,2026-02-09 19:12:00,2026-02-09 20:02:07,Юг,Хинкали House,web,bike,snow,3.23,10.5,3,50.1,53,790,delivered,4.0,C113
D100804,2026-02-10 14:54:00,2026-02-10 15:22:26,Восток,Taco Point,app,bike,clear,2.08,15.0,1,28.4,35,730,delivered,5.0,C147
D100805,2026-02-24 16:43:00,2026-02-24 17:29:40,Север,Sushi Lab,web,bike,clear,7.3,15.1,4,46.7,56,1 390 ₽,delivered,,C090
D100806,2026-02-06 12:13:00,2026-02-06 12:58:21,Центр,Пицца & Ко,app,car,clear,5.85,25.0,1,45.4,50,1140,delivered,4.0,C085
D100807,2026-02-08 15:13:00,2026-02-08 16:15:47,Юг,Пицца & Ко,web,bike,clear,7.33,20.3,3,62.8,47,1190,delivered,5.0,C102
D100808,2026-02-08 18:54:00,2026-02-08 19:35:44,Юг,Бургерная 24,app,walk,clear,3.25,,2,41.7,37,960,delivered,4.0,C022
D100809,2026-02-27 15:15:00,2026-02-27 15:49:47,Центр,Пекарня №7,web,scooter,clear,3.14,24.8,1,34.8,39,3180,delivered,4.0,C107
D100810,2026-02-15 12:32:00,2026-02-15 13:02:51,Север,Wok Station,web,scooter,clear,2.5,18.4,4,30.9,35,1830,delivered,,C008
D100811,2026-02-12 10:56:00,2026-02-12 11:29:00,Центр,Пицца & Ко,app,bike,clear,2.3,22.3,2,33.0,35,1380,delivered,5.0,C129
D100812,2026-02-12 12:14:00,2026-02-12 12:43:46,Север,Хинкали House,web,bike,clear,"4,73",9.7,1,29.8,44,1240,delivered,,C033
D100813,2026-02-18 12:10:00,2026-02-18 12:48:45,Центр,Пицца & Ко,app,bike,clear,1.92,24.8,1,38.8,35,850,delivered,,C026
D100814,2026-02-27 19:43:00,2026-02-27 20:14:41,Центр,Зелёная кухня,app,scooter,clear,1.33,21.6,2,31.7,35,640 ₽,delivered,5.0,C126
D100815,2026-02-21 18:18:00,2026-02-21 19:52:39,Восток,Taco Point,web,bike,rain,17.23,18.2,2,94.7,93,710,delivered,,C052
D100816,2026-02-11 11:12:00,2026-02-11 11:48:45,Восток,Пекарня №7,legacy_csv,bike,clear,5510.0,16.5,2,36.8,52,700,delivered,4.0,C064
D100817,2026-02-22 21:20:00,2026-02-22 21:43:03,Центр,Wok Station,app,car,clear,3.24,9.3,3,23.1,43,1310,delivered,4.0,C056
D100818,2026-02-13 12:50:00,2026-02-13 13:28:23,Центр,Зелёная кухня,app,walk,clear,1.64,19.2,2,38.4,35,740,delivered,,C049
D100819,2026-02-16 16:42:00,2026-02-16 17:12:15,Восток,Пекарня №7,partner_api,car,clear,4.17,21.2,1,30.3,42,1060,delivered,5.0,C078
D100820,2026-02-20 19:10:00,2026-02-20 19:35:54,Север,Taco Point,web,car,clear,0.84,16.7,1,25.9,35,1020,delivered,4.0,C105
D100821,2026-02-17 21:37:00,2026-02-17 22:14:11,Юг,Пицца & Ко,app,car,clear,1.34,19.1,4,37.2,37,570,delivered,5.0,C001
D100822,2026-02-24 19:18:00,2026-02-24 19:41:32,Запад,Зелёная кухня,legacy_csv,bike,clear,3.16,,2,0.0,39,980,cancelled,,
D100823,2026-02-12 15:53:00,2026-02-12 16:36:56,Юг,Wok Station,web,scooter,rain,4.85,16.8,1,43.9,46,590,delivered,,C018
D100824,2026-02-09 21:15:00,2026-02-09 21:33:47,Центр,Хинкали House,web,scooter,clear,2.43,4.0,1,18.8,39,1230,delivered,5.0,C070
D100825,2026-02-12 20:46:00,2026-02-12 21:25:28,Центр,Пицца & Ко,web,bike,clear,3.17,18.5,2,39.5,41,990,delivered,5.0,C010
D100826,2026-02-16 20:38:00,2026-02-16 21:38:14,Юг,Пекарня №7,web,scooter,clear,7.78,19.4,4,60.2,59,920,delivered,,C101
D100827,2026-02-13 15:42:00,2026-02-13 16:15:41,Центр,Taco Point,app,scooter,clear,2.11,22.8,2,33.7,36,560,delivered,4.0,C020
D100828,2026-02-06 09:24:00,2026-02-06 09:50:37,Восток,Wok Station,partner_api,car,clear,1.82,16.9,3,26.6,35,1330,delivered,,C005
D100829,2026-02-16 17:28:00,2026-02-16 17:51:49,Север,Хинкали House,partner_api,bike,clear,2.29,15.3,2,23.8,38,2060,delivered,,C041
D100830,2026-02-07 18:25:00,2026-02-07 19:07:25,Север,Зелёная кухня,web,car,snow,1.41,21.3,1,42.4,40,1020,delivered,4.0,C126
D100831,2026-02-15 21:47:00,2026-02-15 23:03:07,Восток,Пекарня №7,partner_api,walk,clear,7.66,17.4,2,76.1,47,980,delivered,,C015
D100832,2026-02-11 09:34:00,2026-02-11 10:25:52,Центр,Зелёная кухня,app,bike,rain,6.84,20.0,1,51.9,59,720,delivered,5.0,C099
D100833,2026-02-19 12:58:00,2026-02-19 13:22:18,Юг,Хинкали House,app,bike,rain,1.34,5.6,2,24.3,35,1760,delivered,4.0,C027
D100834,2026-02-11 14:29:00,2026-02-11 14:55:52,Восток,Бургерная 24,app,bike,rain,1.08,14.3,1,-26.9,40,760,delivered,4.0,C102
D100835,2026-02-22 18:18:00,2026-02-22 18:58:18,Центр,Бургерная 24,web, bike ,clear,4.36,16.9,1,40.3,44,570,delivered,,C094
D100836,2026-02-23 09:29:00,2026-02-23 10:20:25,Юг,Sushi Lab,legacy_csv,car,clear,6040.0,22.6,3,51.4,52,1410,delivered,5.0,C107
D100837,2026-02-03 21:35:00,2026-02-03 22:17:26,Восток,WOK STATION,app,bike,clear,5.53,12.0,1,42.4,45,770,delivered,5.0,C133
D100838,2026-02-28 17:26:00,2026-02-28 18:12:09,Восток,Sushi Lab,legacy_csv,car,clear,5.11,,2,46.2,41,1100,delivered,4.0,C123
D100839,2026-02-22 21:37:00,2026-02-22 22:21:11,Центр,Бургерная 24,web,scooter,snow,2.92,14.4,1,44.2,54,1460,delivered,,C074
D100840,2026-02-17 13:44:00,2026-02-17 14:08:57,Запад,Taco Point,app,scooter,clear,2.92,11.6,1,0.0,44,1280,cancelled,,
D100841,2026-02-13 16:28:00,2026-02-13 17:21:07,Юг,Пекарня №7,app,car,snow,3.11,17.6,4,53.1,48,1310,delivered,4.0,C079
D100842,2026-02-25 09:05:00,2026-02-25 09:34:29,ЮГ,Зелёная кухня,app,walk,clear,0.79,15.1,3,29.5,35,560,delivered,5.0,C044
D100843,2026-02-27 13:07:00,2026-02-27 13:40:01,Север,Пицца & Ко,legacy_csv,car,clear,2.22,,3,33.0,39,1690,delivered,4.0,C145
D100844,2026-02-24 20:01:00,2026-02-24 20:19:39,Запад,Sushi Lab,app,bike,clear,0.64,14.7,1,18.7,37,1190,delivered,5.0,C090
D100845,2026-02-21 12:37:00,2026-02-21 13:13:30,Восток,Хинкали House,web,scooter,snow,2.13,13.4,3,36.5,53,1020,delivered,,C126
D100846,2026-02-18 15:39:00,2026-02-18 16:12:43,Центр,Пицца & Ко,web,bike,clear,3.08,20.2,1,33.7,40,1830,delivered,4.0,C025
D100847,2026-02-05 19:05:00,2026-02-05 19:29:04,Центр,Зелёная кухня,app,scooter,clear,0.55,14.0,2,24.1,35,1160,delivered,,C119
D100848,2026-02-14 19:00:00,2026-02-14 19:32:43,Север, sushi lab ,app,car,rain,1.62,22.1,3,32.7,39,1370,delivered,5.0,C079
D100849,2026-02-15 17:35:00,2026-02-15 18:33:49,Юг,Sushi Lab,partner_api,walk,clear,5.06,13.4,2,58.8,49,560,delivered,,C133
D100850,2026-02-18 11:00:00,2026-02-18 11:11:11,Север,Хинкали House,partner_api,car,clear,0.86,7.2,1,11.2,35,1520,delivered,4.0,C112
D100851,2026-02-14 13:29:00,2026-02-14 14:12:32,Центр,Хинкали House,app,bike,snow,3.06,8.2,2,43.5,53,880,delivered,4.0,C040
D100852,2026-02-07 18:22:00,2026-02-07 19:14:28,Юг,Зелёная кухня,app,scooter,rain,4.17,19.7,2,52.5,44,1170,delivered,4.0,C142
D100853,2026-02-03 13:57:00,2026-02-03 14:42:03,Центр,Зелёная кухня,app,scooter,rain,3.15,21.5,2,45.1,40,350,delivered,4.0,C077
D100854,2026-02-14 16:42:00,2026-02-14 17:13:23,Север,Sushi Lab,partner_api,car,clear,5.57,17.5,3,31.4,45,1500,delivered,5.0,C032
D100855,2026-02-24 11:31:00,2026-02-24 12:05:17,Север,Пицца & Ко,app,scooter,clear,4.64,20.6,1,34.3,46,1140,delivered,4.0,C101
D100856,2026-02-10 09:49:00,2026-02-10 11:09:08,Юг,Wok Station,legacy_csv,bike,snow,2640.0,5.1,2,80.1,49,2240,delivered,,C038
D100857,2026-02-09 19:04:00,2026-02-09 19:29:28,Центр,Хинкали House,app,scooter,clear,2.82,8.1,3,25.5,38,610,delivered,5.0,C098
D100858,2026-02-03 18:18:00,2026-02-03 18:46:33,Центр,Бургерная 24,app,scooter,rain,2.42,14.2,3,28.6,42,1860,delivered,5.0,C063
D100859,2026-02-11 12:52:00,2026-02-11 13:11:54,Запад,Sushi Lab,app,scooter,clear,1.61,8.3,1,19.9,35,640,delivered,,C064
D100860,2026-02-08 14:59:00,2026-02-08 16:25:23,Юг,Пицца & Ко,web,bike,rain,11.65,22.7,3,86.4,69,990,delivered,,C050
D100861,2026-02-05 15:46:00,2026-02-05 16:28:16,Центр,Бургерная 24,app,bike,snow,2.82,13.5,1,42.3,49,1650,delivered,5.0,C038
D100862,2026-02-12 13:46:00,2026-02-12 14:06:37,Север,Бургерная 24,app,bike,clear,0.5,12.3,1,20.6,35,1080,delivered,5.0,C063
D100863,2026-02-09 17:59:00,2026-02-09 18:29:11,Восток,Бургерная 24,app,scooter,clear,3.84,13.1,1,30.2,38,1930,DELIVERED,5.0,C140
D100864,2026-02-25 08:52:00,2026-02-25 09:29:36,Восток,Бургерная 24,app,car,clear,7.27,15.8,2,37.6,60,1570,delivered,5.0,C126
D100865,2026-02-15 09:00:00,2026-02-15 09:08:24,Юг,Хинкали House,partner_api,car,clear,6.56,11.1,1,0.0,44,470,cancelled,,
D100866,2026-02-13 19:47:00,2026-02-13 21:04:19,Юг,Пекарня №7,legacy_csv,walk,clear,6.23,,3,77.3,49,1950,delivered,4.0,C046
D100867,2026-02-08 20:00:00,2026-02-08 20:47:49,Запад,Пекарня №7,app,bike,clear,3.47,21.7,2,47.8,44,1200,delivered,,C062
D100868,2026-02-21 14:46:00,2026-02-21 15:27:46,Центр,Пицца & Ко,app,scooter,rain,2.91,22.3,2,41.8,40,540 ₽,delivered,,C118
D100869,2026-02-25 10:05:00,2026-02-25 10:46:50,Север,Пекарня №7,web,car,clear,6.75,21.5,1,41.8,54,900,delivered,5.0,C124
D100870,2026-02-15 16:43:00,2026-02-15 17:29:39,Запад,Пекарня №7,app, bike ,rain,6.72,15.1,1,46.7,59,2740,delivered,4.0,C054
D100871,2026-02-08 09:45:00,2026-02-08 10:13:17,Центр,Пекарня №7,app,car,clear,1.19,20.5,2,28.3,40,1530,delivered,,-
D100872,2026-02-23 16:48:00,2026-02-23 17:23:02,Запад,Wok Station,app,car,clear,2.19,22.4,2,35.0,35,1590,delivered,4.0,C013
D100873,2026-02-08 08:22:00,2026-02-08 09:02:10,Юг,Пицца & Ко,web,bike,clear,3.36,23.0,1,40.2,47,2390,delivered,,C018
D100874,2026-02-05 11:42:00,2026-02-05 12:32:54,Запад,Taco Point,web,bike,clear,6.16,22.1,1,50.9,51,2010,delivered,5.0,C098
D100875,2026-02-18 20:20:00,2026-02-18 21:07:40,Юг,Зелёная кухня,web,car,clear,5.61,17.4,1,47.7,51,950,delivered,4.0,C083
D100876,2026-02-16 08:11:00,2026-02-16 08:44:52,Центр,SUSHI LAB,app,car,clear,3.86,18.3,1,33.9,44,880,delivered,4.0,C069
D100877,2026-02-22 15:26:00,2026-02-22 15:56:55,Восток,Зелёная кухня,partner_api,car,rain,3.56,11.8,2,30.9,38,550,delivered,5.0,C006
D100878,2026-02-04 20:13:00,2026-02-04 20:59:13,Запад,Taco Point,partner_api,car,clear,8.48,19.9,1,46.2,50,1130,delivered,4.0,C065
D100879,2026-02-10 15:03:00,2026-02-10 15:46:58,Юг,Taco Point,app,scooter,rain,3.73,19.3,2,44.0,50,1400,delivered,,C099
D100880,2026-02-23 17:44:00,2026-02-23 18:08:49,Центр,Хинкали House,legacy_csv,scooter,clear,1.86,12.0,2,24.8,38,660,delivered,4.0,C006
D100881,2026-02-21 12:28:00,2026-02-21 12:48:02,Запад,Зелёная кухня,app,bike,clear,1.82,10.3,1,20.0,35,520,delivered,3.0,C064
D100882,2026-02-06 13:28:00,2026-02-06 14:12:13,Восток,Зелёная кухня,web,scooter,rain,6.54,19.8,3,44.2,55,1490,delivered,,C022
D100883,2026-02-14 12:48:00,2026-02-14 12:56:44,Восток,Бургерная 24,app,scooter,clear,1.33,18.3,1,0.0,35,1430,cancelled,,
D100884,2026-02-21 09:59:00,2026-02-21 10:36:58,Запад,Бургерная 24,partner_api,scooter,clear,2.66,15.6,1,2280.0,35,710,delivered,3.0,C136
D100885,2026-02-24 12:59:00,2026-02-24 14:00:14,Восток,Sushi Lab,app,bike,snow,4.03,21.2,2,61.2,45,2 730 ₽,delivered,4.0,C017
D100886,2026-02-20 19:58:00,2026-02-20 20:42:05,Центр,Wok Station,app,scooter,clear,5.13,19.0,1,44.1,46,790 ₽,delivered,,C139
D100887,2026-02-22 19:04:00,2026-02-22 19:39:22,Юг,Пекарня №7,app,bike,clear,0.76,16.9,2,35.4,35,2530,delivered,4.0,C050
D100888,2026-02-26 19:51:00,2026-02-26 20:18:22,Восток,Пицца & Ко,app,scooter,clear,2.95,14.6,1,27.4,38,610,delivered,5.0,C044
D100889,2026-02-20 15:17:00,2026-02-20 15:51:55,Центр,Taco Point,web,scooter,rain,3.84,13.0,1,34.9,49,2550,delivered,5.0,C057
D100890,2026-02-13 16:06:00,2026-02-13 16:13:51,Север,Wok Station,web,walk,rain,7.9,14.8,2,0.0,54,1400,cancelled,,
D100891,2026-02-28 18:03:00,2026-02-28 18:41:45,Юг,Wok Station,app,scooter,clear,8.16,11.9,1,38.8,57,1210,delivered,5.0,C118
D100892,2026-02-28 18:23:00,2026-02-28 18:59:07,Центр,Бургерная 24,web,bike,clear,4.17,13.3,1,36.1,40,650,delivered,,C096
D100893,2026-02-23 14:46:00,2026-02-23 15:36:45,Север,Sushi Lab,app,bike,clear,6.85,16.1,1,50.8,46,940,delivered,4.0,C070
D100894,2026-02-08 10:46:00,2026-02-08 11:02:49,Запад,Wok Station,legacy_csv,car,clear,2.16,,1,16.8,35,1750,delivered,5.0,C096
D100895,2026-02-03 14:16:00,2026-02-03 14:45:09,Юг,Хинкали House,partner_api,bike,clear,2.14,4.9,3,29.2,39,1010,delivered,5.0,C047
D100896,2026-02-10 19:44:00,2026-02-10 20:39:39,Восток,Зелёная кухня,app,walk,clear,4.93,14.9,2,55.7,46,830,delivered,4.0,C028
D100897,2026-02-11 08:57:00,2026-02-11 09:36:14,Юг,Пицца & Ко,legacy_csv,bike,clear,1.59,,3,39.2,36,710,delivered,5.0,C133
D100898,2026-02-09 12:43:00,2026-02-09 13:39:38,Центр, пекарня №7 ,web,bike,clear,7.73,15.6,2,56.6,53,800,delivered,5.0,C135
D100899,2026-02-16 13:50:00,2026-02-16 15:24:23,Север,Бургерная 24,legacy_csv,walk,snow,1.46,,2,94.4,42,870,delivered,4.0,C091
D100900,2026-02-21 14:01:00,2026-02-21 14:26:27,Центр,Хинкали House,app,scooter,rain,1.81,7.0,2,25.5,44,690,delivered,5.0,C078
D100901,2026-02-07 21:25:00,2026-02-07 21:45:16,Север,Sushi Lab,partner_api,car,clear,2.97,14.6,2,20.3,35,1210,delivered,4.0,C009
D100902,2026-02-06 19:10:00,2026-02-06 19:55:23,Юг, пекарня №7 ,app,bike,clear,1.47,17.8,4,45.4,35,2420,delivered,5.0,C019
D100903,2026-02-12 14:12:00,2026-02-12 14:44:54,Центр,Wok Station,legacy_csv,bike,clear,2360.0,16.0,1,32.9,35,570,delivered,5.0,C066
D100904,2026-02-09 12:51:00,2026-02-09 13:53:28,Запад,Taco Point,partner_api,bike,snow,4.8,21.3,2,62.5,53,450,delivered,4.0,C049
D100905,2026-02-17 11:17:00,2026-02-17 11:50:53,Центр,Taco Point,partner_api,car,clear,1.46,24.7,1,33.9,38,760,delivered,5.0,C090
D100906,2026-02-26 16:34:00,2026-02-26 17:07:46,Восток,Taco Point,partner_api,scooter,rain,4.63,13.5,2,33.8,45,3160,delivered,4.0,C001
D100907,2026-02-09 18:46:00,2026-02-09 19:11:16,Север,Хинкали House,app,bike,clear,4.5,6.7,3,25.3,38,580,delivered,4.0,C125
D100908,2026-02-09 08:12:00,2026-02-09 08:44:31,Север,Taco Point,app,bike,rain,3.21,14.6,2,32.5,42,920,delivered,4.0,C062
D100909,2026-02-21 15:09:00,2026-02-21 15:51:15,Запад,Sushi Lab,app,bike,clear,5.31,19.6,2,42.3,46,2010,delivered,4.0,C031
D100910,2026-02-07 17:11:00,2026-02-07 18:11:45,Юг,Пицца & Ко,app,bike,clear,4.35,19.7,3,60.8,47,890,delivered,,C017
D100911,2026-02-05 13:53:00,2026-02-05 13:59:49,Юг,Sushi Lab,legacy_csv,scooter,clear,5.41,10.2,3,0.0,44,880,cancelled,,
D100912,2026-02-09 16:23:00,2026-02-09 17:48:33,Юг,Хинкали House,app,walk,clear,7.92,13.0,2,85.6,59,1280,delivered,4.0,C093
D100913,2026-02-28 20:24:00,2026-02-28 21:11:30,Север,Taco Point,web,scooter,clear,6.34,28.8,1,47.5,49,640,delivered,5.0,C081
D100914,2026-02-16 14:15:00,2026-02-16 14:55:09,Юг,Пицца & Ко,app,scooter,clear,2.82,24.5,1,40.2,35,1260,delivered,5.0,C033
D100915,2026-02-01 21:15:00,2026-02-01 22:04:13,Север,Пицца & Ко,web,bike,clear,4.73,31.0,2,49.2,41,620,delivered,5.0,C066
D100916,2026-02-14 18:39:00,2026-02-14 19:11:26,Запад,Зелёная кухня,web,car,clear,5.36,13.9,2,32.4,50,2830,delivered,5.0,C112
D100917,2026-02-14 12:09:00,2026-02-14 12:47:29,Восток,Taco Point,app,scooter,rain,2.69,23.8,3,38.5,48,1490,delivered,5.0,C004
D100918,2026-02-22 10:40:00,2026-02-22 11:19:06,Центр,Хинкали House,web,bike,clear,4.6,12.1,1,39.1,48,1300,delivered,,C054
D100919,2026-02-22 11:32:00,2026-02-22 12:11:21,Запад,Пекарня №7,app,bike,clear,2.22,23.1,1,39.4,35,1060,delivered,,C077
D100920,2026-02-19 15:38:00,2026-02-19 16:18:48,Центр,Wok Station,partner_api,car,rain,5.18,14.4,1,40.8,47,1220,delivered,,C095
D100921,2026-02-18 09:41:00,2026-02-18 10:36:15,ЮГ,Пицца & Ко,partner_api,bike,rain,6.5,25.6,1,55.3,44,1670,delivered,4.0,C069
D100922,2026-02-27 21:18:00,2026-02-27 21:39:35,Север,Wok Station,app,BIKE,clear,1.76,17.6,2,21.6,35,1310,delivered,,C088
D100923,2026-02-02 13:28:00,2026-02-02 13:54:30,Запад,Taco Point,web,bike,rain,1.98,7.8,2,26.5,36,790,delivered,4.0,C073
D100924,2026-02-22 12:58:00,2026-02-22 13:31:23,Центр,Бургерная 24,app,scooter,rain,1.71,19.3,1,33.4,40,1220,delivered,4.0,C017
D100925,2026-02-07 15:42:00,2026-02-07 16:04:23,Центр,ПИЦЦА & КО,app,car,rain,1.76,24.7,1,0.0,38,980,cancelled,,
D100926,2026-02-17 11:29:00,2026-02-17 12:09:39,Центр,Sushi Lab,app,car,rain,2.35,20.3,1,40.7,48,820,delivered,5.0,C055
D100927,2026-02-15 16:09:00,2026-02-15 16:14:44,Север,Sushi Lab,app,car,snow,2.87,15.5,2,0.0,49,1020,cancelled,,
D100928,2026-02-11 18:58:00,2026-02-11 19:22:19,Запад,Бургерная 24,web,bike,clear,0.5,15.9,1,24.3,35,930,delivered,,C135
D100929,2026-02-05 11:00:00,2026-02-05 11:32:26,Центр,Taco Point,app,car,clear,1.32,24.2,3,32.4,38,1340,delivered,,C103
D100930,2026-02-23 17:32:00,2026-02-23 17:54:00,Центр,Wok Station,app,scooter,clear,1.55,18.0,1,22.0,35,900,delivered,4.0,C120
D100931,2026-02-12 09:55:00,2026-02-12 10:51:50,Запад,Зелёная кухня,legacy_csv,bike,clear,9.95,14.0,2,56.8,65,570,delivered,4.0,C091
D100932,2026-02-02 08:41:00,2026-02-02 08:49:19,Юг,Хинкали House,legacy_csv,bike,clear,8.57,,2,0.0,57,1480,cancelled,,
D100933,2026-02-18 14:16:00,2026-02-18 14:33:43,Север,Зелёная кухня,app,car,clear,1.94,11.8,2,17.7,35,1620,delivered,5.0,C077
D100934,2026-02-11 18:57:00,2026-02-11 19:23:32,Север,Пицца & Ко,legacy_csv,bike,clear,0.57,,1,26.5,36,1740,delivered,5.0,C053
D100935,2026-02-17 15:28:00,2026-02-17 15:57:45,Центр,Пицца & Ко,web,car,clear,1.77,20.1,3,29.8,42,760,delivered,,C023
D100936,2026-02-24 18:26:00,2026-02-24 18:46:37,Центр,Зелёная кухня,app,bike,clear,0.5,16.6,1,20.6,35,690,delivered,,C060
D100937,2026-02-04 15:46:00,2026-02-04 16:14:01,Центр,Sushi Lab,app,car,clear,1.36,18.4,1,28.0,35,580,delivered,4.0,C011
D100938,2026-02-28 18:08:00,2026-02-28 19:01:59,Юг,Пицца & Ко,app,walk,clear,2.96,23.1,3,54.0,40,1160,delivered,,C040
D100939,2026-02-11 10:15:00,2026-02-11 10:44:08,Запад,Зелёная кухня,web,bike,clear,4.32,12.0,2,29.1,46,1110,delivered,,C036
D100940,2026-02-21 08:11:00,2026-02-21 08:49:42,Центр,Пицца & Ко,app,scooter,clear,4.45,,3,38.7,48,720,delivered,,C060
D100941,2026-02-03 19:04:00,2026-02-03 20:13:58,Север,Пицца & Ко,web,bike,clear,11.83,18.3,1,70.0,73,2260,delivered,4.0,C026
D100942,2026-02-05 09:09:00,2026-02-05 09:25:07,Юг,Taco Point,partner_api,car,snow,5.85,14.4,1,0.0,58,1200,cancelled,,
D100943,2026-02-20 14:55:00,2026-02-20 15:39:25,Запад,Sushi Lab,app,bike,clear,6.74,13.6,2,44.4,49,470 ₽,delivered,,C068
D100944,2026-02-09 19:49:00,2026-02-09 20:21:50,Центр,Пицца & Ко,web,scooter,clear,2.4,17.6,4,32.8,38,1800,delivered,4.0,C095
D100945,2026-02-27 14:20:00,2026-02-27 14:43:04,Север,Taco Point,web,car,clear,2.63,-17.6,1,23.1,41,3570,delivered,5.0,C135
D100946,2026-02-09 10:49:00,2026-02-09 11:23:35,Запад ,Хинкали House,app,bike,rain,3.14,12.7,1,34.6,42,490,delivered,,C097
D100947,2026-02-12 13:13:00,2026-02-12 13:28:28,Запад,Пицца & Ко,app,scooter,clear,3.47,23.3,2,0.0,38,1050,cancelled,,
D100948,2026-02-24 16:53:00,2026-02-24 17:50:54,Центр,Пицца & Ко,legacy_csv,car,rain,4.86,,1,57.9,45,1480,delivered,4.0,C137
D100949,2026-02-25 13:28:00,2026-02-25 14:27:49,Восток,Бургерная 24,partner_api,scooter,snow,6.15,15.6,1,3588.0,59,1370,delivered,4.0,C111
D100950,2026-02-22 08:47:00,2026-02-22 09:27:46,Юг,Зелёная кухня,partner_api,car,clear,9.75,18.0,1,40.8,67,1020,delivered,,C068
D100951,2026-02-06 17:44:00,2026-02-06 18:25:00,Юг,Sushi Lab,app,car,rain,6.56,15.9,1,41.0,55,550,delivered,5.0,C095
D100952,2026-02-24 12:58:00,2026-02-24 13:13:13,Восток ,Бургерная 24,app,car,clear,1.98,11.1,2,15.2,42,920,delivered,,C100
D100953,2026-02-06 09:26:00,2026-02-06 10:10:08,Юг,Бургерная 24,app,bike,clear,5.88,10.3,2,44.1,47,1180,delivered,5.0,C137
D100954,2026-02-19 19:12:00,2026-02-19 19:59:14,Запад,Пицца & Ко,app,bike,clear,4.81,23.0,2,47.2,42,690,delivered,5.0,C146
D100955,2026-02-27 08:17:00,2026-02-27 09:17:26,Юг,Зелёная кухня,partner_api,car,clear,9.06,21.0,3,60.4,64,1240,delivered,5.0,C018
D100956,2026-02-27 15:09:00,2026-02-27 16:25:01,Север,Зелёная кухня,app,scooter,clear,18.5,12.9,1,76.0,81,840,delivered,5.0,C105
D100957,2026-02-03 11:15:00,2026-02-03 11:32:07,Центр,Sushi Lab,app,bike,clear,3.2,13.1,1,17.1,44,1430,delivered,5.0,C070
D100958,2026-02-06 13:56:00,2026-02-06 15:51:28,Запад,Sushi Lab,app,scooter,snow,5.28,21.4,1,115.5,52,1310,delivered,4.0,C069
D100959,2026-02-15 14:35:00,2026-02-15 15:07:34,Юг,Wok Station,web,walk,rain,0.5,19.3,1,32.6,36,490 ₽,delivered,,C051
D100960,2026-02-28 12:37:00,2026-02-28 13:11:22,Запад,Зелёная кухня,app,bike,clear,3.2,18.1,2,34.4,39,530,delivered,,C042
D100961,2026-02-07 17:24:00,2026-02-07 18:02:44,Центр,Хинкали House,app,walk,snow,1.55,9.7,1,38.7,45,730,delivered,5.0,C141
D100962,2026-02-13 14:28:00,2026-02-13 15:06:39,Север,Taco Point,legacy_csv,bike,clear,4.51,,1,38.7,42,1000,delivered,4.0,C076
D100963,2026-02-23 12:43:00,2026-02-23 13:05:30,Центр,Хинкали House,app,car,rain,2.31,-5.2,1,22.5,42,550,delivered,,C080
D100964,2026-02-02 21:14:00,2026-02-02 21:48:26,ВОСТОК,Бургерная 24,app,scooter,snow,1.66,11.2,3,34.4,43,1170,delivered,5.0,C080
D100965,2026-02-28 13:44:00,2026-02-28 14:02:23,Центр,Хинкали House,app,scooter,clear,1.62,14.4,1,18.4,37,630,delivered,5.0,C125
D100966,2026-02-24 14:51:00,2026-02-24 15:30:56,Восток,Пицца & Ко,app,bike,clear,2.6,22.8,2,39.9,35,1100,delivered,5.0,C068
D100967,2026-02-04 09:04:00,2026-02-04 09:26:17,Север,Пекарня №7,app,scooter,rain,1.33,18.6,3,0.0,36,1 130 ₽,cancelled,,
D100968,2026-02-16 11:20:00,2026-02-16 11:45:28,Восток,Taco Point,app,scooter,clear,3.36,13.7,3,25.5,36,850,delivered,5.0,C136
D100969,2026-02-10 16:39:00,2026-02-10 17:46:04,Юг,Пицца & Ко,web,bike,clear,10.19,16.9,3,67.1,62,2110,delivered,4.0,C036
D100970,2026-02-10 16:44:00,2026-02-10 17:12:21,Центр,Пекарня №7,legacy_csv,car,clear,3.26,,1,28.4,44,760,delivered,,C148
D100971,2026-02-06 14:17:00,2026-02-06 14:53:15,Центр,Пицца & Ко,legacy_csv,scooter,clear,2.93,,1,36.3,47,1570,delivered,5.0,C069
D100972,2026-02-01 08:33:00,2026-02-01 08:59:48,Центр,Sushi Lab,partner_api,car,rain,0.97,13.0,1,26.8,41,1620,delivered,5.0,C058
D100973,2026-02-09 08:23:00,2026-02-09 08:47:02,Юг,Хинкали House,web,bike,clear,8.01,12.6,2,0.0,54,1290,cancelled,,
D100974,2026-02-09 12:42:00,2026-02-09 13:24:15,Запад,Wok Station,partner_api,bike,clear,4.71,21.1,1,42.3,43,500,delivered,4.0,C044
D100975,2026-02-24 16:47:00,2026-02-24 17:26:29,Юг,Пицца & Ко,legacy_csv,scooter,clear,3540.0,17.6,3,39.5,45,630,delivered,5.0,C095
D100976,2026-02-25 13:03:00,2026-02-25 14:01:13,Запад,Taco Point,web,car,rain,13.22,14.8,1,58.2,68,1 160 ₽,delivered,5.0,C016
D100977,2026-02-06 09:06:00,2026-02-06 09:23:38,Запад,Бургерная 24,app,bike,clear,0.5,12.5,1,17.6,35,1300,delivered,5.0,C114
D100978,2026-02-20 08:59:00,2026-02-20 09:55:27,Центр,Зелёная кухня,app,bike,snow,3.65,16.1,1,56.5,50,980,delivered,,C019
D100979,2026-02-01 15:23:00,2026-02-01 16:24:03,Восток,Taco Point,app,bike,snow,5.51,19.1,1,61.1,61,490 ₽,delivered,,C005
D100980,2026-02-19 13:25:00,2026-02-19 13:54:45,Центр,Хинкали House,app, car ,clear,4.07,11.5,2,29.8,46,1140,delivered,5.0,C150
D100981,2026-02-25 16:31:00,2026-02-25 16:39:50,Восток,Хинкали House,partner_api,bike,rain,0.84,13.4,2,0.0,35,1260,cancelled,,
D100982,2026-02-10 09:41:00,2026-02-10 10:06:59,Центр,Wok Station,partner_api,car,clear,2.38,22.0,1,26.0,35,1450,delivered,5.0,C006
D100983,2026-02-17 20:29:00,2026-02-17 20:58:58,Центр,Пицца & Ко,app,scooter,clear,1.22,18.2,1,30.0,39,1170,delivered,3.0,C022
D100984,2026-02-25 15:17:00,2026-02-25 15:43:38,Центр,Хинкали House,web,scooter,rain,1.18,16.9,2,26.6,45,1290,delivered,5.0,C066
D100985,2026-02-26 14:03:00,2026-02-26 14:57:09,Восток,Пицца & Ко,web,bike,rain,7.33,19.7,1,54.2,63,1460,delivered,5.0,C123
D100986,2026-02-28 14:46:00,2026-02-28 15:12:36,Север ,Sushi Lab,app,scooter,rain,2.9,8.2,1,26.6,44,860,delivered,4.0,C014
D100987,2026-02-26 11:10:00,2026-02-26 11:38:22,Север,Зелёная кухня,web,scooter,clear,3.62,15.3,4,28.4,36,700 ₽,delivered,,C106
D100988,2026-02-13 15:50:00,2026-02-13 16:46:06,Юг,Sushi Lab,app,bike,clear,4.67,14.6,3,56.1,48,1960,delivered,5.0,C081
D100989,2026-02-11 18:30:00,2026-02-11 18:52:25,Центр,Wok Station,partner_api,car,clear,"2,43",11.2,1,22.4,47,1040,delivered,5.0,C135
D100990,2026-02-28 20:23:00,2026-02-28 20:46:37,Центр,Бургерная 24,legacy_csv,car,clear,2.3,,2,23.6,36,1650,delivered,5.0,C004
D100991,2026-02-10 18:01:00,2026-02-10 18:50:09,Центр,Taco Point,partner_api,walk,clear,3.8,17.0,1,49.2,41,830,delivered,4.0,C126
D100992,2026-02-20 20:20:00,2026-02-20 21:15:13,Запад,Wok Station,partner_api,car,clear,7.09,25.7,1,55.2,52,1690,delivered,,C024
D100993,2026-02-21 11:39:00,2026-02-21 12:15:27,Север ,Пицца & Ко,web,scooter,rain,0.8,23.0,2,36.5,37,220,delivered,5.0,C065
D100994,2026-02-07 19:59:00,2026-02-07 20:48:04,Юг,Sushi Lab,app,bike,clear,5.83,20.7,3,49.1,50,1210,delivered,5.0,C103
D100995,2026-02-10 15:39:00,2026-02-10 16:52:35,Юг,Пекарня №7,app,scooter,clear,11.31,17.9,3,73.6,67,2360,delivered,,C028
D100996,2026-02-06 15:08:00,2026-02-06 15:40:55,Центр,Пекарня №7,legacy_csv,walk,clear,1.8,13.5,2,32.9,38,990,delivered,5.0,C080
D100997,2026-02-25 11:43:00,2026-02-25 12:20:44,центр,Wok Station,app,car,rain,2.34,21.7,1,37.7,45,1440,delivered,5.0,C009
D100998,2026-02-21 17:46:00,2026-02-21 18:24:22,Центр,Sushi Lab,app,bike,clear,3.26,16.1,2,38.4,43,1600,delivered,4.0,C141
D100999,2026-02-09 20:50:00,2026-02-09 21:21:16,Восток,Wok Station,partner_api,scooter,rain,1.39,21.8,1,31.3,41,1990,delivered,4.0,C024
D101000,2026-02-13 17:59:00,2026-02-13 18:18:17,Центр,Хинкали House,app,car,clear,0.7,11.6,3,19.3,35,370,delivered,4.0,C148
D101001,2026-02-06 09:07:00,2026-02-06 09:53:51,Юг,Пицца & Ко,web,bike,clear,3.81,24.0,2,46.9,43,860,delivered,3.0,C100
D101002,2026-02-19 10:08:00,2026-02-19 10:30:33,Центр,Зелёная кухня,app,car,clear,1.4,,2,22.6,35,440,delivered,5.0,C141
D101003,2026-02-01 11:36:00,2026-02-01 12:20:14,Юг,Хинкали House,web,scooter,rain,6.2,9.8,2,44.2,55,1150,delivered,5.0,C130
D101004,2026-02-20 20:47:00,2026-02-20 21:06:54,ЦЕНТР,Зелёная кухня,web,car,clear,1.09,12.6,1,19.9,35,1070,delivered,,C095
D101005,2026-02-13 14:32:00,2026-02-13 14:50:16,Север,Wok Station,app,car,clear,1.99,12.6,2,18.3,35,800,delivered,,C103
D101006,2026-02-04 08:59:00,2026-02-04 09:47:21,Запад,Хинкали House,partner_api,car,clear,9.45,14.2,2,48.4,57,1120,delivered,,C043
D101007,2026-02-05 08:50:00,2026-02-05 09:33:32,Центр,Зелёная кухня,app,car,snow,1.4,17.6,2,43.5,41,1200,delivered,,C087
D101008,2026-02-15 15:59:00,2026-02-15 16:38:36,Юг,Wok Station,partner_api,bike,clear,2.99,21.5,1,39.6,37,1060,delivered,5.0,C097
D101009,2026-02-17 13:39:00,2026-02-17 14:18:36,Центр,Taco Point,partner_api,car,rain,1.58,22.5,2,39.6,40,1260,delivered,3.0,C031
D101010,2026-02-25 19:17:00,2026-02-25 19:28:25,Юг,Пекарня №7,partner_api,bike,clear,9.19,23.5,2,0.0,54,940,cancelled,,
D101011,2026-02-15 20:12:00,2026-02-15 20:55:55,Юг,Пекарня №7,app,bike,clear,5.96,14.9,2,43.9,47,660,delivered,5.0,C007
D101012,2026-02-27 17:25:00,2026-02-27 17:55:33,Центр,Sushi Lab,app,scooter,clear,1.5,16.0,1,30.6,36,820,delivered,4.0,C127
D101013,2026-02-08 20:13:00,2026-02-08 21:06:46,Запад,Пицца & Ко,app,scooter,clear,5.45,28.0,1,53.8,47,840,delivered,5.0,C083
D101014,2026-02-25 17:58:00,2026-02-25 18:30:09,Восток,Зелёная кухня,web,bike,clear,1.51,19.2,1,32.2,35,1450,delivered,5.0,C077
D101015,2026-02-07 13:16:00,2026-02-07 13:28:41,Восток,Taco Point,partner_api,car,clear,2.63,17.4,2,0.0,35,1470,cancelled,,
D101016,2026-02-17 11:12:00,2026-02-17 11:50:45,Центр,Wok Station,partner_api,scooter,clear,4.75,18.9,1,2328.0,43,760,delivered,4.0,C049
D101017,2026-02-11 12:25:00,2026-02-11 13:15:55,Север,Wok Station,legacy_csv,bike,clear,5630.0,26.0,2,50.9,42,640,delivered,5.0,C053
D101018,2026-02-18 10:36:00,2026-02-18 11:32:11,Восток,Wok Station,web,scooter,clear,9.49,22.5,4,56.2,53,820,delivered,4.0,C064
D101019,2026-02-01 20:02:00,2026-02-01 20:38:55,Юг,Бургерная 24,web,bike,clear,8.61,5.4,1,36.9,59,2130,delivered,,C082
D101020,2026-02-24 19:02:00,2026-02-24 19:23:46,Запад,Пицца & Ко,legacy_csv,scooter,clear,0.73,,1,21.8,35,1630,delivered,,C102
D101021,2026-02-25 17:42:00,2026-02-25 18:43:28,Север,Пекарня №7,web,bike,rain,7.83,18.4,2,61.5,55,470,delivered,,C061
D101022,2026-02-16 18:02:00,2026-02-16 18:43:28,Центр,Пицца & Ко,legacy_csv,bike,clear,4.52,22.6,3,41.5,46,1150,DELIVERED,4.0,C009
D101023,2026-02-15 17:30:00,2026-02-15 18:03:45,Запад,Пекарня №7,app,car,clear,4.65,11.5,1,33.8,42,2540,delivered,5.0,C081
D101024,2026-02-17 20:43:00,2026-02-17 21:25:01,Юг,Taco Point,app,scooter,rain,4.82,17.9,2,42.0,49,960,delivered,5.0,C093
D101025,2026-02-26 12:05:00,2026-02-26 12:44:06,Центр,Wok Station,partner_api,scooter,clear,6.69,15.1,1,2346.0,51,540,delivered,,C056
D101026,2026-02-18 10:07:00,2026-02-18 10:32:05,Запад,Пекарня №7,partner_api,car,clear,2.18,15.5,2,25.1,41,610,delivered,4.0,C124
D101027,2026-02-20 11:50:00,2026-02-20 12:57:33,Юг,Пекарня №7,app,bike,clear,7.86,26.3,2,67.6,63,1 180 ₽,delivered,4.0,C062
D101028,2026-02-23 16:11:00,2026-02-23 16:30:17,Центр,Taco Point,app,car,clear,1.36,15.3,1,19.3,35,580,delivered,4.0,C142
D101029,2026-02-22 15:10:00,2026-02-22 15:43:09,Центр,Пекарня №7,partner_api,scooter,rain,3.39,16.0,1,1992.0,52,750,delivered,,C135
D101030,2026-02-26 10:33:00,2026-02-26 11:14:09,Юг,Sushi Lab,app,scooter,clear,2.57,19.5,4,41.2,36,720,delivered,,C078
D101031,2026-02-13 09:53:00,2026-02-13 10:44:08,Юг,Wok Station,app,scooter,snow,2.41,14.2,3,51.1,46,620,delivered,,C062
D101032,2026-02-22 14:02:00,2026-02-22 14:32:49,Восток,Wok Station,web,car,clear,4.55,23.5,2,30.8,45,860,DELIVERED,,C133
D101033,2026-02-12 15:40:00,2026-02-12 16:13:24,Центр,Taco Point,partner_api,walk,clear,1.14,22.5,1,33.4,36,870,delivered,4.0,C011
D101034,2026-02-27 15:41:00,2026-02-27 17:23:09,Юг,Пицца & Ко,partner_api,scooter,rain,17.57,27.2,3,102.2,87,1080,delivered,,C043
D101035,2026-02-17 16:39:00,2026-02-17 17:25:34,Север,Зелёная кухня,legacy_csv,bike,clear,3.17,,1,46.6,36,1120,delivered,4.0,C030
D101036,2026-02-25 14:33:00,2026-02-25 15:00:00,Север,Taco Point,app,scooter,clear,5.17,15.3,1,27.0,50,1050,delivered,4.0,C098
D101037,2026-02-11 19:50:00,2026-02-11 20:36:56,Юг,Taco Point,partner_api,car,clear,9.29,18.0,2,46.9,50,720,delivered,,C116
D101038,2026-02-21 10:07:00,2026-02-21 10:44:06,Восток,Зелёная кухня,partner_api,car,clear,5.12,22.4,3,37.1,48,780,delivered,,C033
D101039,2026-02-21 14:40:00,2026-02-21 15:19:18,Центр,Хинкали House,app,scooter,clear,5.7,16.2,1,39.3,51,1560,delivered,5.0,C002
D101040,2026-02-21 16:24:00,2026-02-21 16:39:41,Центр,Пекарня №7,legacy_csv,bike,clear,2040.0,10.8,1,15.7,35,1040,delivered,5.0,C038
D101041,2026-02-24 08:24:00,2026-02-24 08:58:08,Север,Пекарня №7,partner_api,car,clear,0.63,23.4,1,34.1,35,1880,delivered,,C043
D101042,2026-02-09 09:04:00,2026-02-09 09:38:11,Восток,Пекарня №7,app,walk,clear,1.77,17.9,2,34.2,35,1190,delivered,5.0,C039
D101043,2026-02-20 16:39:00,2026-02-20 17:43:10,Запад,Пицца & Ко,app,car,clear,"11,19",25.2,3,64.2,71,860,delivered,4.0,C083
D101044,2026-02-13 11:41:00,2026-02-13 11:58:48,Север,Wok Station,app,bike,clear,2.53,11.0,2,17.8,41,2570,delivered,4.0,C126
D101045,2026-02-02 08:38:00,2026-02-02 09:22:36,Юг,Taco Point,app,bike,clear,3.66,16.3,4,44.6,45,2420,delivered,5.0,C107
D101046,2026-02-13 16:02:00,2026-02-13 16:45:23,Центр,Пицца & Ко,app,bike,clear,1.9,29.8,1,43.4,35,850,delivered,4.0,C075
D101047,2026-02-15 12:39:00,2026-02-15 13:08:35,Север,Wok Station,app,scooter,clear,2.37,15.8,3,29.6,41,1130,delivered,9,C127
D101048,2026-02-20 12:01:00,2026-02-20 12:24:13,Север,Taco Point,web,scooter,clear,13.86,22.8,1,0.0,70,1290,cancelled,,
D101049,2026-02-08 08:34:00,2026-02-08 08:58:45,Восток,Бургерная 24,app,bike,rain,0.98,11.7,4,24.8,35,2210,delivered,5.0,C120
D101050,2026-02-07 14:01:00,2026-02-07 14:47:42,Юг,Пекарня №7,web,scooter,rain,3.6,19.7,3,46.7,45,4130,delivered,5.0,C103
D101051,2026-02-11 21:39:00,2026-02-11 22:58:27,Центр,Wok Station,app,walk,clear,7.96,20.3,2,79.5,55,2450,delivered,4.0,C121
D101052,2026-02-28 08:34:00,2026-02-28 09:08:31,Запад,Taco Point,legacy_csv,scooter,clear,4010.0,15.8,1,34.5,41,790,delivered,5.0,C059
D101053,2026-02-17 21:55:00,2026-02-17 22:39:33,Запад,Wok Station,web,scooter,clear,8.37,12.5,2,44.6,54,860,delivered,5.0,C105
D101054,2026-02-27 11:07:00,2026-02-27 12:00:44,Восток,Хинкали House,app,car,snow,8.53,13.6,2,53.7,63,940,delivered,4.0,C104
D101055,2026-02-15 18:09:00,2026-02-15 18:29:21,Север,Wok Station,app,scooter,clear,4.44,11.1,2,20.4,41,1200,delivered,5.0,C013
D101056,2026-02-06 14:17:00,2026-02-06 15:07:07,Восток,Пекарня №7,legacy_csv,scooter,clear,12090.0,14.0,1,50.1,73,860,delivered,5.0,C023
D101057,2026-02-06 11:20:00,2026-02-06 12:11:54,Центр,ПИЦЦА & КО,app,walk,clear,3.33,23.3,2,51.9,39,910,delivered,4.0,C012
D101058,2026-02-18 20:46:00,2026-02-18 21:20:42,Центр,Wok Station,partner_api,car,clear,2.65,21.7,1,34.7,35,2170,delivered,4.0,C016
D101059,2026-02-16 20:46:00,2026-02-16 21:13:20,Восток,Бургерная 24,web,walk,clear,0.5,11.9,1,27.3,35,900,delivered,5.0,C132
D101060,2026-02-10 15:55:00,2026-02-10 16:29:10,Юг,Бургерная 24,app,bike,rain,3.62,18.2,1,34.2,40,750,delivered,5.0,C014
D101061,2026-02-16 20:33:00,2026-02-16 21:07:25,Центр,TACO POINT,web,bike,clear,1.62,17.0,1,34.4,35,1780,delivered,,C039
D101062,2026-02-08 09:16:00,2026-02-08 09:46:31,Центр,Бургерная 24,app,car,clear,4.62,11.0,1,30.5,49,1820,delivered,5.0,C014
D101063,2026-02-02 19:15:00,2026-02-02 19:35:26,Юг,Зелёная кухня,app,car,clear,2.65,14.6,1,20.4,39,780,delivered,5.0,C008
D101064,2026-02-13 13:19:00,2026-02-13 13:49:15,Запад,Sushi Lab,web,bike,clear,5.43,8.8,3,30.3,55,1430,delivered,5.0,C057
D101065,2026-02-09 13:39:00,2026-02-09 14:14:46,Центр, пекарня №7 ,web,bike,clear,1.85,16.1,2,35.8,38,1200,delivered,5.0,C103
D101066,2026-02-10 14:48:00,2026-02-10 15:25:59,Юг,Wok Station,app,car,clear,2.34,27.7,1,38.0,39,1310,delivered,,C062
D101067,2026-02-12 21:03:00,2026-02-12 21:42:54,Север,Зелёная кухня,partner_api,walk,clear,3.22,16.4,2,39.9,35,2400,delivered,4.0,C056
D101068,2026-02-18 20:27:00,2026-02-18 21:19:16,Запад,Taco Point,app,bike,snow,3.96,17.2,3,52.3,56,600,delivered,,C026
D101069,2026-02-01 10:01:00,2026-02-01 11:46:08,Юг,Хинкали House,app,walk,clear,11.31,16.7,2,105.1,65,830,delivered,,C047
D101070,2026-02-05 12:38:00,2026-02-05 13:03:57,Центр,Wok Station,app,scooter,clear,1.21,19.2,1,26.0,41,1170,delivered,4.0,C014
D101071,2026-02-16 16:03:00,2026-02-16 18:09:11,Юг,Зелёная кухня,web,SCOOTER,snow,6.04,11.9,3,126.2,59,580,delivered,,C033
D101072,2026-02-13 20:55:00,2026-02-13 21:16:04,Юг,Sushi Lab,legacy_csv,bike,clear,1.24,14.3,1,21.1,35,710,delivered,,C024
D101073,2026-02-01 18:01:00,2026-02-01 18:52:59,Центр,Taco Point,web,walk,snow,1.01,18.6,1,52.0,49,510,delivered,5.0,C049
D101074,2026-02-15 15:32:00,2026-02-15 16:00:58,Центр,Пицца & Ко,web,scooter,clear,1.53,18.6,1,29.0,40,2030,delivered,5.0,C056
D101075,2026-02-02 13:27:00,2026-02-02 13:43:24,Юг,Пекарня №7,app,scooter,rain,1.13,18.6,2,0.0,35,670,cancelled,,
D101076,2026-02-11 21:18:00,2026-02-11 21:55:03,Центр,Пекарня №7,partner_api,walk,clear,2.57,12.5,1,37.1,38,610,delivered,5.0,C059
D101077,2026-02-05 09:59:00,2026-02-05 10:26:48,Север,Хинкали House,partner_api,scooter,clear,3.61,14.7,1,1668.0,40,950,delivered,,C115
D101078,2026-02-17 11:24:00,2026-02-17 11:45:32,Восток,Taco Point,app,car,clear,1.77,17.5,1,21.5,35,820,delivered,5.0,C136
D101079,2026-02-13 09:41:00,2026-02-13 10:02:17,Центр,Бургерная 24,web,car,rain,0.5,6.3,1,21.3,35,1750,delivered,4.0,C004
D101080,2026-02-13 15:32:00,2026-02-13 15:53:46,Север,Wok Station,app,car,clear,2.69,13.1,2,21.8,37,2070,delivered,5.0,C119
D101081,2026-02-05 16:13:00,2026-02-05 16:34:58,Центр,Sushi Lab,partner_api,bike,clear,0.55,13.4,2,22.0,35,970,delivered,5.0,C107
D101082,2026-02-06 11:44:00,2026-02-06 12:32:26,Север,Пекарня №7,app,scooter,rain,8.24,15.7,3,48.4,61,1300,delivered,,C033
D101083,2026-02-28 09:32:00,2026-02-28 10:39:57,Запад,Хинкали House,partner_api,walk,clear,8.12,11.0,2,68.0,45,1110,delivered,4.0,C004
D101084,2026-02-20 14:19:00,2026-02-20 14:47:29,Север,Пицца & Ко,app,bike,clear,1.36,20.3,1,28.5,35,940,delivered,5.0,C005
D101085,2026-02-01 09:36:00,2026-02-01 10:12:23,Запад,Wok Station,web,bike,clear,4.05,20.0,1,36.4,40,710,delivered,4.0,C098
D101086,2026-02-09 21:56:00,2026-02-09 22:54:14,Север, зелёная кухня ,app,scooter,clear,9.19,23.4,2,58.2,62,1510,delivered,4.0,C132
D101087,2026-02-25 20:22:00,2026-02-25 20:50:32,Центр,Бургерная 24,legacy_csv,scooter,rain,2.96,,2,28.5,42,1090,delivered,,C061
D101088,2026-02-20 08:43:00,2026-02-20 09:22:22,Север,Taco Point,web, scooter ,clear,4.56,16.9,1,39.4,41,1900,delivered,5.0,C132
D101089,2026-02-25 21:29:00,2026-02-25 22:05:28,Запад,Зелёная кухня,app,scooter,clear,5.29,16.9,1,36.5,47,1180,delivered,4.0,C044
D101090,2026-02-27 16:03:00,2026-02-27 16:36:24,Запад,Taco Point,partner_api,bike,clear,1.62,20.8,2,33.4,37,1140,delivered,,C083
D101091,2026-02-26 08:23:00,2026-02-26 08:58:53,Центр,Sushi Lab,app,car,rain,2.17,18.0,1,35.9,49,740,delivered,,C014
D101092,2026-02-06 16:45:00,2026-02-06 17:11:28,Центр,Sushi Lab,partner_api,bike,clear,1.32,15.6,4,26.5,37,640,delivered,5.0,C062
D101093,2026-02-17 21:48:00,2026-02-17 22:27:52,Юг, бургерная 24 ,partner_api,scooter,clear,5.45,19.8,1,39.9,49,1060,delivered,,C050
D101094,2026-02-17 15:54:00,2026-02-17 16:24:32,Центр,Wok Station,web,bike,clear,1.45,17.3,1,30.5,35,910,delivered,,C089
D101095,2026-02-26 21:03:00,2026-02-26 21:41:38,Север,Бургерная 24,web,walk,rain,2.46,11.6,2,38.6,36,1250,delivered,,C014
D101096,2026-02-17 08:45:00,2026-02-17 09:14:00,Запад,Зелёная кухня,web,car,clear,1.25,20.5,1,29.0,35,1380,delivered,5.0,C073
D101097,2026-02-28 11:10:00,2026-02-28 11:29:55,Центр,Зелёная кухня,app,scooter,clear,1.79,12.7,1,19.9,37,1240,delivered,5.0,C092
D101098,2026-02-25 16:04:00,2026-02-25 17:06:52,Центр,Пекарня №7,app,scooter,snow,6.3,21.6,2,62.9,56,1360,delivered,,C089
D101099,2026-02-27 13:45:00,2026-02-27 15:14:13,Юг,Пекарня №7,partner_api,bike,clear,14.59,25.1,2,89.2,83,1120,delivered,4.0,C056
D101100,2026-02-07 13:46:00,2026-02-07 16:24:45,Запад,Taco Point,app,walk,snow,16.71,12.2,1,158.8,95,1580,delivered,,C084
D101101,2026-02-03 08:56:00,2026-02-03 09:52:30,Север,Taco Point,partner_api,bike,rain,6.97,22.0,1,56.5,49,1010,delivered,4.0,C028
D101102,2026-02-23 16:34:00,2026-02-23 17:04:28,Центр, хинкали house ,app,walk,clear,1.53,18.2,2,30.5,35,860,delivered,5.0,C139
D101103,2026-02-03 11:04:00,2026-02-03 11:44:17,Восток,Taco Point,partner_api,walk,clear,2.73,16.0,2,40.3,35,2630,delivered,,C043
D101104,2026-02-23 09:08:00,2026-02-23 09:31:21,Восток,Хинкали House,web,bike,clear,2.3,14.9,2,23.4,35,1060,delivered,5.0,C028
D101105,2026-02-21 08:30:00,2026-02-21 08:52:20,Центр,Taco Point,app,bike,clear,1.21,20.4,2,0.0,35,1380,cancelled,,
D101106,2026-02-28 14:58:00,2026-02-28 15:43:07,Юг,Wok Station,partner_api,scooter,clear,5.2,15.7,3,45.1,50,1460,delivered,4.0,C084
D101107,2026-02-16 10:41:00,2026-02-16 11:10:22,Центр,Пицца & Ко,partner_api,car,clear,3.75,17.0,1,29.4,35,1150,delivered,4.0,C150
D101108,2026-02-25 14:12:00,2026-02-25 14:36:57,Юг,Зелёная кухня,app,car,clear,1.86,17.2,3,0.0,35,480,cancelled,,
D101109,2026-02-15 08:21:00,2026-02-15 09:15:22,Юг,Taco Point,app,bike,snow,3.62,19.7,2,54.4,53,1220,delivered,5.0,C050
D101110,2026-02-22 09:49:00,2026-02-22 10:31:12,Юг,Пицца & Ко,legacy_csv,car,rain,2.18,,2,42.2,35,670,delivered,,C016
D101111,2026-02-07 16:02:00,2026-02-07 16:25:02,ЦЕНТР,Пицца & Ко,app,scooter,clear,0.5,19.0,3,23.0,35,1080,delivered,5.0,C045
D101112,2026-02-13 10:00:00,2026-02-13 10:54:13,Запад,Бургерная 24,web,scooter,snow,6.54,11.0,2,54.2,57,2300,delivered,,C087
D101113,2026-02-07 09:31:00,2026-02-07 10:03:29,Запад,Хинкали House,web,scooter,clear,2.46,19.5,2,32.5,41,740,delivered,4.0,C034
D101114,2026-02-05 09:01:00,2026-02-05 09:21:22,Центр,Sushi Lab,partner_api,bike,clear,7.58,7.6,1,0.0,58,800, cancelled ,,
D101115,2026-02-15 14:17:00,2026-02-15 15:32:19,Восток,Пицца & Ко,app,scooter,rain,15.99,15.4,2,75.3,95,1310,delivered,,C140
D101116,2026-02-14 17:55:00,2026-02-14 18:24:16,Запад,Бургерная 24,partner_api,car,rain,2.78,8.8,2,29.3,42,1470,delivered,4.0,C129
D101117,2026-02-06 12:57:00,2026-02-06 13:33:29,Центр,Wok Station,app,car,clear,4.05,16.6,1,36.5,43,1 030 ₽,delivered,,C083
D101118,2026-02-11 13:36:00,2026-02-11 14:31:48,Юг, пекарня №7 ,partner_api,bike,clear,6.36,25.4,2,55.8,42,530,delivered,,C048
D101119,2026-02-17 09:51:00,2026-02-17 10:40:02,Юг,Зелёная кухня,app,walk,clear,2.98,13.8,3,49.0,37,950,delivered,4.0,C099
D101120,2026-02-03 16:13:00,2026-02-03 16:35:41,Запад,Wok Station,app,bike,clear,2.0,14.2,2,22.7,35,1340,delivered,5.0,C045
D101121,2026-02-09 15:34:00,2026-02-09 15:57:03,Восток,Sushi Lab,app,scooter,clear,3.79,15.9,1,0.0,41,1490,cancelled,,
D101122,2026-02-15 14:18:00,2026-02-15 14:39:57,Центр,Хинкали House,partner_api,scooter,clear,2.23,12.6,1,1320.0,37,1410,delivered,5.0,C104
D101123,2026-02-06 13:08:00,2026-02-06 13:51:30,Юг,Зелёная кухня,web,scooter,clear,7.49,7.5,3,43.5,46,2700,delivered,5.0,C114
D101124,2026-02-04 13:57:00,2026-02-04 14:21:58,Центр,Пицца & Ко,partner_api,scooter,rain,4.19,19.5,2,0.0,45,2960,cancelled,,
D101125,2026-02-24 20:16:00,2026-02-24 20:39:56,Центр,Пекарня №7,app,bike,clear,1.94,14.9,2,23.9,38,430,delivered,5.0,C054
D101126,2026-02-28 21:01:00,2026-02-28 21:29:46,Восток,Sushi Lab,app,car,clear,6.25,15.3,1,28.8,51,800,delivered,4.0,C023
D101127,2026-02-16 20:49:00,2026-02-16 21:26:10,Юг,Хинкали House,app,bike,clear,5.9,5.2,2,37.2,53,1140,delivered,5.0,C063
D101128,2026-02-07 19:19:00,2026-02-07 19:35:58,Восток,Wok Station,app,bike,clear,1.49,13.0,1,17.0,35,520,delivered,5.0,C079
D101129,2026-02-15 20:18:00,2026-02-15 20:35:31,Центр, зелёная кухня ,partner_api,car,clear,1.37,12.3,1,17.5,35,1890,delivered,4.0,C139
D101130,2026-02-03 21:23:00,2026-02-03 21:47:17,Юг,Wok Station,app,scooter,clear,2.6,15.8,1,24.3,35,1260,delivered,4.0,C032
D101131,2026-02-18 21:30:00,2026-02-18 22:11:14,Восток,Sushi Lab,web,bike,clear,6.33,14.0,4,41.2,49,1380,delivered,4.0,C145
D101132,2026-02-02 12:52:00,2026-02-02 13:26:50,Запад,Wok Station,app,bike,rain,1.79,15.2,2,34.8,46,870,delivered,,C089
D101133,2026-02-09 19:06:00,2026-02-09 19:46:48,Запад,Зелёная кухня,partner_api,walk,clear,2.88,12.6,3,40.8,45,1320,delivered,5.0,C128
D101134,2026-02-12 19:22:00,2026-02-12 19:49:23,Центр,Зелёная кухня,app,scooter,clear,1.82,10.8,1,27.4,35,1270,delivered,4.0,C068
D101135,2026-02-25 13:02:00,2026-02-25 13:38:08,Юг,Taco Point,partner_api,bike,clear,6.12,15.0,1,36.1,53,1730,delivered,4.0,C140
D101136,2026-02-24 10:11:00,2026-02-24 10:29:09,Восток,Sushi Lab,app,scooter,clear,0.76,13.5,3,18.2,35,840,delivered,4.0,C045
D101137,2026-02-14 15:24:00,2026-02-14 15:57:10,Центр,Бургерная 24,web,scooter,clear,1.26,24.8,1,33.2,37,830,delivered,5.0,C124
D101138,2026-02-13 09:02:00,2026-02-13 09:44:00,Север,Пекарня №7,app,bike,rain,4.92,12.2,2,42.0,52,1060,delivered,4.0,C073
D101139,2026-02-26 21:09:00,2026-02-26 21:46:29,СЕВЕР,Пицца & Ко,web,bike,clear,4.96,22.4,3,37.5,45,840,delivered,,C084
D101140,2026-02-14 14:28:00,2026-02-14 14:56:17,Север,Бургерная 24,app,car,clear,3.43,16.7,3,28.3,39,1970,delivered,4.0,C066
D101141,2026-02-18 11:45:00,2026-02-18 12:24:36,Север,Зелёная кухня,app,car,rain,8.44,12.6,2,39.6,59,1120,delivered,4.0,C107
D101142,2026-02-25 14:55:00,2026-02-25 15:21:57,Центр,Хинкали House,partner_api,bike,clear,1.73,14.2,1,27.0,40,1520,delivered,,C048
D101143,2026-02-19 10:33:00,2026-02-19 10:43:46,Запад ,Пекарня №7,app,scooter,clear,7.71,19.6,1,0.0,60,950,cancelled,,
D101144,2026-02-24 13:28:00,2026-02-24 14:49:40,Юг,Хинкали House,app,walk,clear,7.79,5.1,4,81.7,59,1540,delivered,,C116
D101145,2026-02-13 19:54:00,2026-02-13 20:43:25,Юг,Taco Point,app,CAR,clear,8.6,22.9,2,49.4,60,1170,delivered,4.0,C073
D101146,2026-02-23 15:28:00,2026-02-23 15:56:33,Север,Зелёная кухня,app,bike,clear,2.97,14.3,2,28.6,35,1330,delivered,5.0,C095
D101147,2026-02-03 10:53:00,2026-02-03 11:11:17,Центр,Бургерная 24,app,bike,clear,1.12,13.3,1,18.3,35,1000,delivered,5.0,C044
D101148,2026-02-18 20:38:00,2026-02-18 21:13:05,Центр,Бургерная 24,web,bike,rain,1.13,15.4,1,35.1,37,1670,delivered,,C142
D101149,2026-02-27 11:22:00,2026-02-27 12:03:02,Центр,Sushi Lab,app,scooter,snow,2.85,15.4,3,41.0,47,2130,delivered,5.0,C064
D101150,2026-02-16 13:52:00,2026-02-16 14:36:04,Юг,Зелёная кухня,app,scooter,clear,7.43,18.4,2,44.1,55,680,delivered,5.0,C039
D101151,2026-02-27 15:38:00,2026-02-27 16:04:32,Север,Хинкали House,app,bike,clear,1.08,17.2,2,26.5,35,1090,delivered,5.0,C134
D101152,2026-02-09 09:02:00,2026-02-09 09:25:32,Центр,Пекарня №7,web,car,clear,0.6,18.2,1,23.5,35,720,delivered,4.0,C081
D101153,2026-02-07 21:59:00,2026-02-07 22:21:22,Юг,Wok Station,legacy_csv,bike,clear,3.33,,2,0.0,35,1220,cancelled,,
D101154,2026-02-22 14:36:00,2026-02-22 15:26:53,Юг,Зелёная кухня,web,scooter,clear,7.34,19.6,2,50.9,57,1280,delivered,5.0,C139
D101155,2026-02-28 14:08:00,2026-02-28 14:35:28,Восток,Taco Point,app,bike,clear,2.05,17.3,1,27.5,35,680,delivered,5.0,C031
D101156,2026-02-04 10:00:00,2026-02-04 10:39:32,ВОСТОК,Пицца & Ко,app,bike,clear,4.07,25.3,1,39.5,45,1240,delivered,5.0,C044
D101157,2026-02-28 19:21:00,2026-02-28 19:37:05,Запад,Зелёная кухня,web,walk,clear,10.35,18.8,1,0.0,68,380,cancelled,,
D101158,2026-02-07 11:06:00,2026-02-07 11:54:36,Север,Зелёная кухня,partner_api,walk,clear,4.38,16.4,2,48.6,42,1980,delivered,5.0,C019
D101159,2026-02-01 14:26:00,2026-02-01 14:43:19,Север,Пекарня №7,web,scooter,clear,0.54,24.3,3,0.0,35,1850,cancelled,,
D101160,2026-02-23 13:58:00,2026-02-23 14:46:07,Запад,Пицца & Ко,app,scooter,rain,4.35,18.4,1,48.1,49,620,delivered,4.0,C074
D101161,2026-02-03 15:27:00,2026-02-03 16:15:44,Запад,Пицца & Ко,app,bike,clear,5.31,29.6,3,48.7,39,670,delivered,,C064
D101162,2026-02-28 10:06:00,2026-02-28 10:26:33,Центр,Пекарня №7,app,scooter,clear,1.0,14.3,2,20.6,35,1060,delivered,5.0,C001
D101163,2026-02-20 20:17:00,2026-02-20 21:26:47,Север,Wok Station,web,bike,snow,8.78,17.2,3,69.8,63,1230,delivered,5.0,C055
D101164,2026-02-25 19:17:00,2026-02-25 20:03:21,Юг,Sushi Lab,app,scooter,clear,4.86,23.6,1,46.4,51,2010,delivered,5.0,C139
D101165,2026-02-02 18:29:00,2026-02-02 19:15:43,Восток,Пекарня №7,app,bike,clear,6.32,23.8,1,46.7,51,940,delivered,5.0,C028
D101166,2026-02-25 12:12:00,2026-02-25 12:30:56,Центр,Хинкали House,app,scooter,clear,0.53,14.2,3,18.9,35,2020,delivered,3.0,C084
D101167,2026-02-17 14:43:00,2026-02-17 15:15:17,Центр,Хинкали House,web,bike,clear,4.22,6.5,1,32.3,47,1060,delivered,4.0,C017
D101168,2026-02-25 09:13:00,2026-02-25 10:33:48,Запад,Пекарня №7,app,bike,snow,11.72,17.7,2,80.8,76,320,delivered,4.0,C071
D101169,2026-02-26 11:42:00,2026-02-26 12:29:25,Восток,Taco Point,web,bike,clear,8.23,18.7,3,47.4,62,1450,delivered,5.0,C055
D101170,2026-02-06 19:03:00,2026-02-06 19:32:52,Центр ,Taco Point,partner_api,walk,rain,1.55,15.8,1,29.9,44,1100,delivered,5.0,C109
D101171,2026-02-13 13:52:00,2026-02-13 14:01:11,Запад,Хинкали House,partner_api,scooter,clear,2.13,4.0,2,552.0,35,890,delivered,5.0,C057
D101172,2026-02-04 21:10:00,2026-02-04 21:42:26,Север,Sushi Lab,partner_api,bike,rain,2.02,13.4,2,32.4,41,1280,DELIVERED,5.0,C120
D101173,2026-02-05 08:23:00,2026-02-05 09:31:55,Юг,Пицца & Ко,app,bike,rain,5.47,30.5,2,68.9,52,690,delivered,4.0,C035
D101174,2026-02-18 08:21:00,2026-02-18 08:49:22,Центр,Пекарня №7,web,scooter,clear,3.72,9.4,1,28.4,46,1710,delivered,5.0,C078
D101175,2026-02-18 10:23:00,2026-02-18 10:54:17,Центр,Wok Station,app,scooter,clear,4.86,14.7,1,31.3,50,2030,delivered,5.0,C075
D101176,2026-02-19 09:18:00,2026-02-19 09:57:35,Север,Sushi Lab,partner_api,car,snow,6.12,13.5,1,39.6,58,1310,delivered,,C141
D101177,2026-02-02 08:24:00,2026-02-02 09:00:41,Центр,Wok Station,web,scooter,clear,1.64,24.6,2,36.7,35,2 590 ₽,delivered,5.0,C079
D101178,2026-02-26 19:19:00,2026-02-26 20:08:49,Центр,Пицца & Ко,app,car,rain,4.8,17.1,1,49.8,50,1160,delivered,,C080
D101179,2026-02-11 14:21:00,2026-02-11 14:39:24,Север,Wok Station,web,bike,clear,2.27,14.4,2,18.4,35,710,delivered,4.0,C069
D101180,2026-02-05 08:55:00,2026-02-05 09:40:00,Центр,Пицца & Ко,web,walk,rain,2.48,13.2,1,45.0,45,1560,delivered,4.0,C043
D101181,2026-02-28 11:48:00,2026-02-28 12:30:36,Центр,Пицца & Ко,partner_api, scooter ,clear,4.63,20.1,2,42.6,46,570,delivered,,C016
D101182,2026-02-26 12:56:00,2026-02-26 13:29:22,Юг,Хинкали House,legacy_csv,scooter,clear,4.89,,2,33.4,44,2160,delivered,4.0,C047
D101183,2026-02-26 16:28:00,2026-02-26 17:42:51,Север,Бургерная 24,partner_api,walk,clear,6.99,17.2,2,74.9,51,940,delivered,4.0,C026
D101184,2026-02-01 20:58:00,2026-02-01 21:20:25,Восток,Sushi Lab,web,car,clear,3.01,11.0,1,22.4,35,1660,delivered,,C144
D101185,2026-02-08 08:22:00,2026-02-08 09:04:26,Запад,Хинкали House,partner_api,bike,clear,7.7,13.5,1,42.4,51,990,delivered,,C115
D101186,2026-02-04 21:56:00,2026-02-04 22:20:01,Центр,Taco Point,partner_api,bike,clear,0.86,11.1,1,24.0,35,2930,delivered,4.0,C147
D101187,2026-02-18 17:23:00,2026-02-18 17:58:04,Запад,Taco Point,web,bike,clear,4.05,20.6,3,35.1,40,1410,delivered,5.0,C053
D101188,2026-02-26 16:30:00,2026-02-26 17:09:58,Север,Пекарня №7,web,bike,rain,4.3,14.4,4,40.0,47,600,delivered,4.0,C032
D101189,2026-02-05 09:11:00,2026-02-05 09:28:39,Север,Бургерная 24,app,scooter,clear,3.72,4.0,1,17.7,43,1190,delivered,4.0,C094
D101190,2026-02-14 10:01:00,2026-02-14 10:21:44,Центр ,Пекарня №7,app,bike,clear,4.14,11.5,2,0.0,43,1410,cancelled,,
D101191,2026-02-04 13:20:00,2026-02-04 14:17:03,Восток,Зелёная кухня,app,scooter,snow,4.75,19.1,3,57.1,52,500,delivered,4.0,C070
D101192,2026-02-18 21:08:00,2026-02-18 21:33:07,Центр,Зелёная кухня,web,bike,clear,2.52,13.1,2,25.1,39,820,delivered,,C136
D101193,2026-02-09 12:37:00,2026-02-09 13:00:33,Север,Пицца & Ко,web,CAR,clear,1.05,19.6,1,23.6,35,1240,delivered,5.0,C122
D101194,2026-02-25 11:52:00,2026-02-25 12:43:13,Запад,Taco Point,partner_api,scooter,snow,3.04,17.0,1,3072.0,52,1450,delivered,4.0,C136
D101195,2026-02-08 08:11:00,2026-02-08 08:44:05,Запад,Бургерная 24,app,car,clear,4.9,16.6,1,33.1,48,830,delivered,,C074
D101196,2026-02-19 19:40:00,2026-02-19 19:59:45,Центр,Бургерная 24,partner_api,car,clear,1.79,8.7,2,19.8,41,780,delivered,,C019
D101197,2026-02-14 08:12:00,2026-02-14 08:49:48,Восток,Wok Station,web,bike,clear,4.87,18.0,3,37.8,44,2050,delivered,5.0,C150
D101198,2026-02-08 17:19:00,2026-02-08 18:01:05,Восток,Пекарня №7,app,car,clear,3.71,18.3,3,42.1,42,2720,delivered,4.0,C048
D101199,2026-02-02 13:10:00,2026-02-02 13:33:52,Центр,Sushi Lab,app,bike,snow,2.37,11.1,1,0.0,56,1650,cancelled,,
D101200,2026-02-03 12:52:00,2026-02-03 13:27:32,Юг,Taco Point,app,bike,clear,0.5,16.0,3,35.5,35,600,delivered,4.0,C109
D100182,2026-02-01 11:54:00,2026-02-01 12:08:30,Центр,Зелёная кухня,partner_api,car,rain,1.21,22.1,2,,44,670,on_the_way,,C135
D100449,2026-02-02 08:08:00,2026-02-02 08:20:48,Центр,Зелёная кухня,partner_api,bike,clear,1.47,18.4,2,,36,430,preparing,,C023
D100628,2026-02-10 21:26:00,2026-02-10 21:42:40,Запад,Wok Station,partner_api,scooter,rain,2.38,15.8,2,,37,4450,on_the_way,,C054
D100174,2026-02-01 19:02:00,2026-02-01 19:22:39,Восток,Хинкали House,partner_api,scooter,rain,6.68,19.1,3,,55,690,on_the_way,,C083
D100882,2026-02-06 13:28:00,2026-02-06 13:47:53,Восток,Зелёная кухня,web,scooter,rain,6.54,19.8,3,,55,1490,preparing,,C022
D100015,2026-02-16 20:26:00,2026-02-16 20:30:15,Юг,Wok Station,web,walk,clear,0.97,17.8,2,,35,930,preparing,,
D100028,2026-02-08 09:19:00,2026-02-08 09:31:45,Запад,Sushi Lab,app,scooter,clear,3.66,14.2,1,,46,1470,on_the_way,,C040
D100329,2026-02-11 09:25:00,2026-02-11 09:34:09,Восток,Sushi Lab,web,bike,clear,0.71,13.4,3,,35,790,preparing,,C111
D100070,2026-02-26 08:10:00,2026-02-26 08:25:58,Центр,Wok Station,app,car,rain,2.05,18.8,2,,41,890,on_the_way,,C142
D100769,2026-02-19 10:41:00,2026-02-19 10:52:51,Юг,Wok Station,app,bike,clear,1.8,10.0,2,,35,600,preparing,,C090
D100257,2026-02-06 11:25:00,2026-02-06 11:38:57,Запад,Taco Point,app,scooter,clear,4.85,18.6,1,,49,1250,on_the_way,,C147
D100773,2026-02-28 17:56:00,2026-02-28 18:18:57,Север,Пекарня №7,web,walk,clear,4.61,18.9,3,,38,1800,preparing,,C015
D100820,2026-02-20 19:10:00,2026-02-20 19:21:39,Север,Taco Point,web,car,clear,0.84,16.7,1,,35,1020,on_the_way,,C105
D101182,2026-02-26 12:56:00,2026-02-26 13:11:00,Юг,Хинкали House,legacy_csv,scooter,clear,4.89,,2,,44,2160,preparing,,C047
D100927,2026-02-15 16:09:00,2026-02-15 16:11:34,Север,Sushi Lab,app,car,snow,2.87,15.5,2,,49,1020,on_the_way,,
D100922,2026-02-27 21:18:00,2026-02-27 21:27:42,Север,Wok Station,app,bike,clear,1.76,17.6,2,,35,1310,on_the_way,,C088
D100477,2026-02-14 13:15:00,2026-02-14 13:26:53,Центр,Хинкали House,app,scooter,rain,1.75,7.1,1,,40,1540,preparing,,C105
D100742,2026-02-26 16:35:00,2026-02-26 16:53:20,Восток,Зелёная кухня,web,bike,snow,2.38,10.8,1,,40,930,on_the_way,,C128
D100073,2026-02-19 10:09:00,2026-02-19 10:29:51,Восток,Taco Point,web,walk,clear,5.04,8.4,3,,52,1470,on_the_way,,C115
D100916,2026-02-14 18:39:00,2026-02-14 18:53:35,Запад,Зелёная кухня,web,car,clear,5.36,13.9,2,,50,2830,on_the_way,,C112
D100372,2026-02-02 17:19:00,2026-02-02 17:29:39,Север,Пекарня №7,app,car,clear,1.51,16.2,1,,35,560,on_the_way,,C006
D100245,2026-02-25 14:43:00,2026-02-25 15:01:47,Центр,Пицца & Ко,app,scooter,clear,4.01,25.8,1,,47,1560,on_the_way,,C132
D101073,2026-02-01 18:01:00,2026-02-01 18:24:23,Центр,Taco Point,web,walk,snow,1.01,18.6,1,,49,510,on_the_way,,C049
D100332,2026-02-21 18:16:00,2026-02-21 18:24:24,Центр,Зелёная кухня,web,bike,clear,0.86,14.5,1,,36,1860,preparing,,C121
D100635,2026-02-19 11:20:00,2026-02-19 11:36:24,Восток,Пекарня №7,app,scooter,rain,5.58,11.2,2,,42,1070,preparing,,C139
D100429,2026-02-20 20:55:00,2026-02-20 21:12:00,Юг,Бургерная 24,web,car,clear,5.54,11.3,2,,50,720,preparing,,C005
D100784,2026-02-27 18:29:00,2026-02-27 18:32:55,Север,Пицца & Ко,partner_api,bike,clear,2.83,17.4,2,,38,2010,on_the_way,,
D100218,2026-02-01 18:33:00,2026-02-01 18:54:42,Центр,Пицца & Ко,legacy_csv,scooter,rain,1.77,,1,,38,470,preparing,,C132
D100804,2026-02-10 14:54:00,2026-02-10 15:06:47,Восток,Taco Point,app,bike,clear,2.08,15.0,1,,35,730,on_the_way,,C147
D101094,2026-02-17 15:54:00,2026-02-17 16:07:44,Центр,Wok Station,web,bike,clear,1.45,17.3,1,,35,910,preparing,,C089
D101070,2026-02-05 12:38:00,2026-02-05 12:49:40,Центр,Wok Station,app,scooter,clear,1.21,19.2,1,,41,1170,preparing,,C014
D100097,2026-02-18 14:39:00,2026-02-18 14:52:30,Восток,Пекарня №7,app,bike,rain,2.46,14.6,3,,44,930,preparing,,C027
D100077,2026-02-14 18:26:00,2026-02-14 18:46:39,Центр,Зелёная кухня,app,bike,clear,3.16,22.2,1,,36,1460,on_the_way,,C036
D100632,2026-02-04 13:31:00,2026-02-04 13:55:31,Север,Wok Station,partner_api,scooter,rain,7.0,19.7,1,,55,1240,preparing,,C127
D100955,2026-02-27 08:17:00,2026-02-27 08:44:11,Юг,Зелёная кухня,partner_api,car,clear,9.06,21.0,3,,64,1240,on_the_way,,C018
D101045,2026-02-02 08:38:00,2026-02-02 08:58:04,Юг,Taco Point,app,bike,clear,3.66,16.3,4,,45,2420,on_the_way,,C107
D100465,2026-02-01 19:35:00,2026-02-01 19:55:46,Юг,Wok Station,legacy_csv,scooter,clear,4.65,17.2,2,,43,1100,on_the_way,,C106
D101168,2026-02-25 09:13:00,2026-02-25 09:49:21,Запад,Пекарня №7,app,bike,snow,11.72,17.7,2,,76,320,preparing,,C071
D100042,2026-02-09 09:30:00,2026-02-09 09:38:37,Восток,Пекарня №7,partner_api,car,clear,7.36,19.5,2,,54,1590,on_the_way,,
D100919,2026-02-22 11:32:00,2026-02-22 11:49:42,Запад,Пекарня №7,app,bike,clear,2.22,23.1,1,,35,1060,preparing,,C077
D100704,2026-02-03 18:55:00,2026-02-03 19:16:06,Запад,Taco Point,app,bike,rain,5.62,16.6,2,,52,2220,preparing,,C009
D100029,2026-02-08 09:09:00,2026-02-08 09:26:27,Центр,Taco Point,legacy_csv,bike,rain,0.91,19.9,1,,40,2640,preparing,,C107
D100462,2026-02-01 20:22:00,2026-02-01 20:42:56,Юг,Wok Station,web,bike,rain,4.88,18.0,1,,41,1400,preparing,,C003
D100928,2026-02-11 18:58:00,2026-02-11 19:08:56,Запад,Бургерная 24,web,bike,clear,0.5,15.9,1,,35,930,on_the_way,,C135
D100188,2026-02-08 19:56:00,2026-02-08 20:03:48,Центр,Зелёная кухня,legacy_csv,bike,clear,3.33,21.4,4,,47,1480,on_the_way,,
D100972,2026-02-01 08:33:00,2026-02-01 08:45:03,Центр,Sushi Lab,partner_api,car,rain,0.97,13.0,1,,41,1620,preparing,,C058
D100943,2026-02-20 14:55:00,2026-02-20 15:14:59,Запад,Sushi Lab,app,bike,clear,6.74,13.6,2,,49,470 ₽,preparing,,C068
D100208,2026-02-03 12:29:00,2026-02-03 12:46:48,Запад,Зелёная кухня,web,bike,clear,5.35,11.9,2,,45,1300,on_the_way,,C095
D100430,2026-02-03 11:06:00,2026-02-03 11:25:09,Восток,Зелёная кухня,app,bike,snow,3.15,13.1,3,,47,1340,on_the_way,,C024
D101153,2026-02-07 21:59:00,2026-02-07 22:09:03,Юг,Wok Station,legacy_csv,bike,clear,3.33,,2,,35,1220,preparing,,
D101009,2026-02-17 13:39:00,2026-02-17 13:56:49,Центр,Taco Point,partner_api,car,rain,1.58,22.5,2,,40,1260,on_the_way,,C031
D100289,2026-02-21 17:05:00,2026-02-21 17:14:07,Центр,Wok Station,app,bike,clear,3.79,9.4,1,,43,820,on_the_way,,C062
D100739,2026-02-08 13:33:00,2026-02-08 13:50:06,Центр,Sushi Lab,app,walk,rain,2.1,16.7,2,,35,830,preparing,,C137
D100681,2026-02-11 10:55:00,2026-02-11 11:18:09,Восток,Wok Station,app,scooter,rain,8.01,16.8,2,,62,1050,preparing,,C029
D100781,2026-02-24 11:12:00,2026-02-24 11:49:06,Юг,Бургерная 24,app,bike,clear,13.46,18.1,3,,74,1270,preparing,,C133
D100441,2026-02-12 08:01:00,2026-02-12 08:25:00,Юг,Wok Station,app,car,clear,13.55,15.8,1,,68,1410,preparing,,C028
D100274,2026-02-11 13:36:00,2026-02-11 13:50:20,Центр,Sushi Lab,app,car,clear,0.95,18.8,3,,41,850,preparing,,C032
D100180,2026-02-18 21:11:00,2026-02-18 21:21:38,Восток,Бургерная 24,partner_api,bike,clear,5.97,14.9,3,,49,770,preparing,,
D100819,2026-02-16 16:42:00,2026-02-16 16:55:36,Восток,Пекарня №7,partner_api,car,clear,4.17,21.2,1,,42,1060,preparing,,C078
D100565,2026-02-22 20:27:00,2026-02-22 21:21:13,Юг,Пицца & Ко,legacy_csv,car,snow,7.96,29.1,2,,68,1460,preparing,,C140
D101127,2026-02-16 20:49:00,2026-02-16 21:26:10,Юг,Хинкали House,app,bike,clear,5.9,5.2,2,37.2,53,1140,delivered,5.0,C063
D100194,2026-02-20 15:44:00,2026-02-20 16:24:21,Восток,Wok Station,web,scooter,clear,5.06,18.7,3,40.4,49,810,delivered,5.0,C139
D100231,2026-02-17 12:20:00,2026-02-17 12:49:36,Север,SUSHI LAB,app,car,clear,5.47,15.8,3,29.6,45,820,delivered,4.0,C147
D100809,2026-02-27 15:15:00,2026-02-27 15:49:47,Центр,Пекарня №7,web,scooter,clear,3.14,24.8,1,34.8,39,3180,delivered,4.0,C107
D100629,2026-02-18 15:30:00,2026-02-18 16:02:15,Центр,Хинкали House,app,car,clear,6.22,12.9,2,32.3,52,690,delivered,5.0,C037
D100121,2026-02-12 21:42:00,2026-02-12 22:18:04,Восток,Sushi Lab,app,bike,rain,3.97,9.2,2,36.1,42,1050,delivered,4.0,C079
D100312,2026-02-15 10:52:00,2026-02-15 11:05:21,Север,Хинкали House,app,bike,clear,1.6,9.4,2,13.4,35,1890,delivered,,C061
D100650,2026-02-08 12:03:00,2026-02-08 12:26:55,Север,Пекарня №7,web,scooter,clear,1.44,11.0,2,23.9,35,700,delivered,5.0,C075
D101012,2026-02-27 17:25:00,2026-02-27 17:55:33,Центр,Sushi Lab,app,scooter,clear,1.5,16.0,1,30.6,36,820,delivered,4.0,C127
D100451,2026-02-15 09:30:00,2026-02-15 09:56:29,Восток,Sushi Lab,app,scooter,clear,2.43,18.5,3,26.5,39,760,delivered,4.0,C056
D100647,2026-02-11 14:08:00,2026-02-11 14:44:06, юг , зелёная кухня ,legacy_csv, car ,rain,2150.0,13.6,3,36.1,38,760, delivered ,,C089
D100503,2026-02-05 18:01:00,2026-02-05 18:28:47, запад , пекарня №7 ,app, car ,clear,3.79,11.2,2,27.8,46,820, delivered ,5.0,C069
D100819,2026-02-16 16:42:00,2026-02-16 17:12:15, восток , пекарня №7 ,partner_api, car ,clear,4.17,21.2,1,30.3,42,1060, delivered ,5.0,C078
D100793,2026-02-07 16:02:00,2026-02-07 16:45:49, запад , пицца & ко ,partner_api, walk ,clear,3.41,20.6,2,43.8,41,1070, delivered ,,C091
D100659,2026-02-06 08:42:00,2026-02-06 09:30:10, север , wok station ,partner_api, scooter ,clear,7.21,20.1,3,2892.0,43,850, delivered ,4.0,C058
D100387,2026-02-24 19:54:00,2026-02-24 20:34:43, север , taco point ,app, scooter ,clear,7.78,13.1,1,40.7,54,1050, delivered ,,C008
D100247,2026-02-05 19:10:00,2026-02-05 19:33:32, север , хинкали house ,app, scooter ,clear,2.74,19.5,1,23.5,36,970, delivered ,4.0,C001
D101086,2026-02-09 21:56:00,2026-02-09 22:54:14, север ,  зелёная кухня  ,app, scooter ,clear,9.19,23.4,2,58.2,62,1510, delivered ,4.0,C132
